study,name
gip,id_g
gip,hhid_g
gip,pid
gip,gender_15
gip,year_of_birth_cat
gip,educ_school_15
gip,educ_job_15
gip,marital_status_15
gip,number_hh_members_15
gip,occupation_15
gip,state
gip,german_citizenship_15
gip,internet_usage_15
gip,sample
gip,dDatum
gip,hOnline
gip,javascript
gip,BFxx035
gip,BFxx031
gip,educ_job_14
gip,expBFxx036
gip,BExx027_a
gip,BExx040_a
gip,BExx027_h
gip,BExx040_h
gip,CExx056
gip,expCExx190
gip,rndCExx191
gip,CExx190
gip,CExx191
gip,CExx192
gip,CExx193
gip,CExx194
gip,CExx195
gip,expCExx196
gip,rndCExx196
gip,CExx196
gip,CExx197
gip,CExx198
gip,CExx199
gip,rndCExx200
gip,CExx200
gip,CExx201
gip,rndCExx202
gip,CExx202
gip,CExx203
gip,CExx204
gip,CExx205
gip,BFxx070
gip,BFxx071
gip,BFxx072
gip,BFxx073
gip,BFxx074
gip,BFxx075_youngest
gip,BFxx075_oldest
gip,BFxx083
gip,BFxx084
gip,BFxx085
gip,BFxx086
gip,BFxx087
gip,BFxx088
gip,BFxx089
gip,BFxx089_NA
gip,BFxx090
gip,BFxx090_NA
gip,BFxx091
gip,BFxx092
gip,BFxx093
gip,BFxx093_NA
gip,CDxx100
gip,CDxx101
gip,CDxx102
gip,CDxx103
gip,CDxx104
gip,CDxx105
gip,rndCDxx106
gip,CDxx106
gip,CDxx107
gip,CDxx108
gip,rndCDxx109
gip,CDxx109
gip,CDxx110
gip,rndCDxx111
gip,CDxx111
gip,CDxx112
gip,expCDxx113
gip,CDxx113
gip,BExx070_a
gip,BExx070_b
gip,BExx070_c
gip,BExx070_d
gip,BExx070_e
gip,BExx070_f
gip,BExx070_g
gip,BExx070_h
gip,BExx070_i
gip,BExx070_j
gip,BExx071
gip,BExx072
gip,BExx073
gip,BExx074
gip,BExx075
gip,BExx076_DK
gip,BExx077
gip,rndAExx030
gip,AExx030
gip,rndAExx031
gip,AExx031
gip,AExx032
gip,AExx033
gip,AExx034
gip,QExx001
gip,QExx002
gip,QExx003
gip,QExx004
gip,QExx005
gip,QExx006
gip,QExx007
gip,hGIP2
gip,CFxx001
gip,CFxx002
gip,CFxx003
gip,expCFxx004
gip,CFxx004
gip,CFxx012
gip,BExx080
gip,BExx081
gip,BExx082
gip,BExx082_1
gip,BExx083
gip,BExx083_1
gip,BExx084
gip,BExx085
gip,BExx086
gip,BExx087
gip,BExx088
gip,BExx089
gip,BExx090
gip,BExx091
gip,BExx092
gip,BExx093
gip,BExx094
gip,BExx095
gip,expACxx050
gip,ACxx050
gip,ACxx051
gip,expACxx054
gip,ACxx054
gip,ACxx055
gip,ACxx080
gip,ACxx081
gip,AAxx005
gip,ACxx082
gip,ACxx083
gip,ACxx084
gip,ACxx085
gip,ACxx086
gip,ACxx087
gip,ACxx056
gip,ACxx058
gip,ACxx088
gip,ACxx089
gip,ACxx090
gip,ACxx091
gip,ACxx092
gip,ACxx093_a
gip,ACxx093_b
gip,ACxx093_c
gip,ACxx093_d
gip,ACxx093_e
gip,ACxx093_f
gip,ACxx093_g
gip,ACxx093_h
gip,ACxx093_i
gip,ACxx094_a
gip,ACxx094_b
gip,ACxx094_c
gip,ACxx094_d
gip,ACxx094_e
gip,ACxx094_f
gip,ACxx094_f_coded
gip,ACxx095
gip,expACxx096
gip,ACxx096
gip,expACxx097
gip,ACxx097
gip,ACxx065
gip,ACxx067
gip,ACxx098
gip,ACxx099_js
gip,ACxx099_1
gip,ACxx099_2
gip,ACxx099_3
gip,ACxx099_4
gip,ACxx099_5
gip,ACxx099_6
gip,ACxx099_7
gip,ACxx099
gip,ACxx100_js
gip,ACxx100
gip,rndACxx101
gip,ACxx101_a
gip,ACxx101_b
gip,ACxx101_c
gip,ACxx101_d
gip,ACxx101_e
gip,ACxx101_f
gip,ACxx102_js
gip,ACxx102
gip,ACxx033
gip,ACxx034
gip,ACxx035
gip,expACxx103
gip,ACxx103
gip,BFxx006
gip,occupation_14
gip,expAIxx001
gip,AIxx001
gip,AIxx012
gip,AIxx014
gip,expAAxx045
gip,AAxx045
gip,AAxx050
gip,ZHxx016_a
gip,ZHxx016_b
gip,ZHxx016_c
gip,ZHxx016_d
gip,ZHxx016_e
gip,ZHxx016_f
gip,ZHxx017
gip,expZHxx020
gip,expAIxx030
gip,ZHxx020
gip,AIxx030
gip,AIxx031
gip,AIxx032
gip,AIxx033
gip,AIxx034
gip,AHxx026_17
gip,AHxx026_1
gip,AHxx027_1
gip,AHxx028_1
gip,AHxx029_1
gip,AHxx030_1
gip,AHxx031_1
gip,AHxx026_2
gip,AHxx027_2
gip,AHxx028_2
gip,AHxx029_2
gip,AHxx030_2
gip,AHxx031_2
gip,AHxx026_3
gip,AHxx027_3
gip,AHxx028_3
gip,AHxx029_3
gip,AHxx030_3
gip,AHxx031_3
gip,AHxx026_4
gip,AHxx027_4
gip,AHxx028_4
gip,AHxx029_4
gip,AHxx030_4
gip,AHxx031_4
gip,AHxx026_5
gip,AHxx027_5
gip,AHxx028_5
gip,AHxx029_5
gip,AHxx030_5
gip,AHxx031_5
gip,AHxx026_6
gip,AHxx027_6
gip,AHxx028_6
gip,AHxx029_6
gip,AHxx030_6
gip,AHxx031_6
gip,AHxx026_7
gip,AHxx027_7
gip,AHxx028_7
gip,AHxx029_7
gip,AHxx030_7
gip,AHxx031_7
gip,AHxx026_8
gip,AHxx027_8
gip,AHxx028_8
gip,AHxx029_8
gip,AHxx030_8
gip,AHxx031_8
gip,AHxx026_9
gip,AHxx027_9
gip,AHxx028_9
gip,AHxx029_9
gip,AHxx030_9
gip,AHxx031_9
gip,AHxx026_10
gip,AHxx027_10
gip,AHxx028_10
gip,AHxx029_10
gip,AHxx030_10
gip,AHxx031_10
gip,AHxx026_11
gip,AHxx027_11
gip,AHxx028_11
gip,AHxx029_11
gip,AHxx030_11
gip,AHxx031_11
gip,AHxx026_12
gip,AHxx027_12
gip,AHxx028_12
gip,AHxx029_12
gip,AHxx030_12
gip,AHxx031_12
gip,AHxx026_13
gip,AHxx027_13
gip,AHxx028_13
gip,AHxx029_13
gip,AHxx030_13
gip,AHxx031_13
gip,AHxx026_14
gip,AHxx027_14
gip,AHxx028_14
gip,AHxx029_14
gip,AHxx030_14
gip,AHxx031_14
gip,AHxx026
gip,AHxx027
gip,AHxx028
gip,AHxx029
gip,AHxx030
gip,AHxx031
gip,BFxx100
gip,f035_JS_enabled
gip,nplant
gip,BFxx101_na
gip,BFxx102
gip,BFxx103
gip,BFxx104
gip,BFxx105
gip,BFxx106
gip,BFxx107
gip,BFxx108
gip,BFxx109
gip,school_reason1
gip,BFxx110_na
gip,BFxx110_1
gip,school_reason2
gip,BFxx111_na
gip,BFxx111_1
gip,school_reason3
gip,BFxx112_na
gip,BFxx112_1
gip,school_reason4
gip,BFxx113_na
gip,BFxx113_1
gip,AJxx001
gip,AJxx002
gip,AJxx003
gip,AJxx004
gip,AJxx005
gip,AJxx006
gip,AJxx007
gip,AJxx008
gip,AJxx009
gip,AJxx010
gip,AJxx011
gip,AJxx012
gip,AJxx013
gip,AJxx014
gip,AJxx015
gip,AAxx039
gip,ZJxx010
gip,ZJxx011
gip,ZJxx012
gip,ZJxx013
gip,error
gip,second
gip,expRMxx001
gip,RMxx001
gip,RMxx002_a
gip,RMxx002_b
gip,RMxx002_c
gip,RMxx002_d
gip,RMxx002_e
gip,RMxx002_f
gip,RMxx002_g
gip,RMxx002_h
gip,RMxx002_coding
gip,RMxx003
gip,RMxx004
gip,RMxx005_a
gip,RMxx005_b
gip,RMxx005_c
gip,RMxx005_d
gip,RMxx005_e
gip,RMxx005_f
gip,RMxx005_g
gip,RMxx005_h
gip,RMxx005_i
gip,RMxx005_j
gip,RMxx006
gip,RMxx007
gip,expRMxx008
gip,RMxx008
gip,RMxx009
gip,RMxx010
gip,RMxx011
gip,RMxx012
gip,RMxx013
gip,RMxx014
gip,RMxx015
gip,RMxx016
gip,RMxx017
gip,RMxx018
gip,RMxx019
gip,RMxx020_a
gip,RMxx020_b
gip,RMxx020_c
gip,RMxx020_d
gip,RMxx020_e
gip,RMxx020_f
gip,RMxx020_g
gip,RMxx020_h
gip,RMxx020_i
gip,RMxx020_j
gip,RMxx021_a
gip,RMxx021_b
gip,RMxx021_c
gip,RMxx021_d
gip,RMxx021_e
gip,RMxx021_f
gip,RMxx021_g
gip,RMxx021_h
gip,RMxx021_i
gip,RMxx021_j
gip,RMxx022_a
gip,RMxx022_b
gip,RMxx022_c
gip,RMxx022_d
gip,RMxx022_e
gip,RMxx022_f
gip,RMxx022_g
gip,RMxx022_h
gip,RMxx022_i
gip,RMxx022_j
gip,RMxx022_k
gip,RMxx023
gip,RMxx024
gip,CDxx120
gip,expCDxx121
gip,expCDxx121_1
gip,expCDxx121_2
gip,CDxx121
gip,CDxx122
gip,CDxx123
gip,CDxx124
gip,rndCDxx125
gip,CDxx125
gip,rndCDxx126
gip,CDxx126
gip,rndCDxx127
gip,CDxx127
gip,CDxx128
gip,rndCExx210
gip,CExx210
gip,CExx211
gip,CExx212
gip,CExx213
gip,CExx214
gip,CExx215
gip,CExx216
gip,CExx217
gip,CExx217_NA
gip,CExx218
gip,CExx218_NA
gip,CExx219
gip,CExx219_NA
gip,CExx220
gip,CExx220_NA
gip,CExx221
gip,CExx221_NA
gip,CExx222
gip,CExx222_NA
gip,CExx223
gip,CExx223_NA
gip,expCExx224
gip,CExx224
gip,CExx224_NA
gip,CExx225
gip,rndCExx226
gip,CExx226
gip,CExx227
gip,f050_js_enabled
gip,rndAExx040
gip,AExx040
gip,AExx041
gip,AExx042
gip,AExx043
gip,AExx044
gip,AExx045
gip,BExx100
gip,BExx101
gip,BExx043
gip,rndAExx050
gip,AExx050
gip,rndAExx051
gip,AExx051
gip,rndCGxx040
gip,CGxx040
gip,rndCGxx041
gip,CGxx041
gip,rndCGxx042
gip,CGxx042
gip,rndCGxx043
gip,CGxx043
gip,rndCGxx044
gip,CGxx044
gip,rndCGxx045
gip,CGxx045
gip,rndCGxx046
gip,CGxx046
gip,rndCGxx047
gip,rndCGxx048
gip,CGxx047_1
gip,CGxx047_2
gip,CGxx047_3
gip,CGxx047_4
gip,CGxx047_5
gip,CGxx047_6
gip,CGxx047_7
gip,CGxx047_8
gip,CGxx047_9
gip,CGxx047_10
gip,CGxx047
gip,CGxx048
gip,CGxx049
gip,CGxx050_1
gip,CGxx050_2
gip,CGxx050_3
gip,CGxx050_4
gip,CGxx050_5
gip,CGxx050_6
gip,CGxx050_7
gip,CGxx050_8
gip,CGxx050_9
gip,CGxx050_10
gip,CGxx050
gip,CGxx051
gip,CGxx052
gip,CGxx053_1
gip,CGxx053_2
gip,CGxx053_3
gip,CGxx053_4
gip,CGxx053_5
gip,CGxx053_6
gip,CGxx053_7
gip,CGxx053_8
gip,CGxx053_9
gip,CGxx053_10
gip,CGxx053
gip,CGxx054
gip,CGxx055
gip,CGxx056_1
gip,CGxx056_2
gip,CGxx056_3
gip,CGxx056_4
gip,CGxx056_5
gip,CGxx056_6
gip,CGxx056_7
gip,CGxx056_8
gip,CGxx056_9
gip,CGxx056_10
gip,CGxx056
gip,CGxx057
gip,CGxx058
gip,expCFxx030_1
gip,expCFxx030_2
gip,CFxx030
gip,expCFxx031_1
gip,expCFxx031_2
gip,CFxx031
gip,expADxx001
gip,ADxx001
gip,ACxx110
gip,expZHxx010_2
gip,ZHxx010
gip,ACxx111
gip,ACxx112
gip,ACxx113
gip,ACxx114
gip,ACxx115
gip,expACxx116
gip,ACxx116
gip,ACxx117
gip,expACxx118
gip,ACxx118
gip,ACxx119
gip,expZHxx010_1
gip,ACxx120
gip,ACxx121
gip,ACxx122
gip,ACxx123
gip,ACxx124
gip,ACxx125
gip,ACxx126
gip,ACxx127
gip,jsCGxx070
gip,expCGxx070_1
gip,expCGxx070_2
gip,expCGxx070_3
gip,expCGxx070_4
gip,expCGxx070_5
gip,expCGxx070_6
gip,CGxx070
gip,CGxx070_nojs
gip,CGxx071
gip,CGxx071_nojs
gip,expAJxx020
gip,jsAJxx020
gip,rndAJxx020_1
gip,rndAJxx020_2
gip,rndAJxx020_3
gip,rndAJxx020_4
gip,rndAJxx020_5
gip,rndAJxx020
gip,AJxx020
gip,rndAJxx021
gip,AJxx021
gip,rndAJxx022
gip,AJxx022
gip,rndAJxx023
gip,AJxx023
gip,rndAJxx024
gip,AJxx024
gip,ZJxx020
gip,ZJxx021
gip,ZJxx022
gip,ZJxx023
gip,ZJxx024
gip,gender_16
gip,year_of_birth_cat_16
gip,educ_school_16
gip,educ_job_16
gip,marital_status_16
gip,number_hh_members_16
gip,occupation_16
gip,state_16
gip,german_citizenship_16
gip,internet_usage_16
gip,AAxx401
gip,AAxx402
gip,AAxx403
gip,AAxx404
gip,AAxx405_NA
gip,AAxx406_NA
gip,AAxx408_NA
gip,AAxx400_TXT_NA
gip,AAxx409
gip,AAxx410_NA
gip,AAxx210
gip,AAxx411
gip,AAxx412_NA
gip,AAxx211
gip,AAxx307
gip,AAxx004
gip,AAxx057
gip,expAAxx413a
gip,AAxx413a
gip,AAxx413b
gip,AAxx413c
gip,AAxx413d
gip,AAxx413e
gip,AAxx413f
gip,AAxx414a
gip,AAxx414b
gip,AAxx414c
gip,AAxx414d
gip,AAxx414e
gip,AAxx414f
gip,AAxx415a
gip,AAxx415b
gip,AAxx415c
gip,AAxx415d
gip,AAxx415e
gip,AAxx415f
gip,AAxx430
gip,AAxx303
gip,AAxx305
gip,AAxx450_a
gip,AAxx450_b
gip,AAxx450_c
gip,AAxx450_d
gip,AAxx450_e
gip,AAxx450_f
gip,AAxx450_g
gip,AAxx450_h
gip,AAxx450_i
gip,AAxx450_j
gip,AAxx450_k
gip,AAxx450_l
gip,AAxx450_m
gip,AAxx450_n
gip,AAxx450_o
gip,AAxx450_p
gip,AAxx450_q
gip,AAxx451
gip,AAxx006
gip,AAxx452
gip,AAxx453
gip,AAxx454
gip,AAxx455
gip,AAxx456
gip,AAxx457
gip,AAxx458
gip,AAxx427
gip,expAAxx428
gip,AAxx428
gip,AAxx429
gip,AAxx309
gip,AAxx440
gip,rotAAxx023
gip,AAxx023
gip,AAxx024
gip,AAxx025
gip,AAxx026
gip,rotAAxx027
gip,AAxx027
gip,AAxx028
gip,AAxx029
gip,AAxx030
gip,AAxx031
gip,AAxx032
gip,AAxx033
gip,AAxx034
gip,AAxx035
gip,AAxx036
gip,AAxx037
gip,AAxx038
gip,expAAxx040a
gip,AAxx040a
gip,AAxx042
gip,AAxx043
gip,AAxx054
gip,AAxx055
gip,AAxx056
gip,hh_income_16
gip,AAxx459
gip,AAxx459_num
gip,AAxx460
gip,AAxx460_num
gip,AAxx461
gip,AAxx461_TXT
gip,AAxx461_num
gip,AAxx462
gip,AAxx462_TXT
gip,AAxx462_num
gip,AAxx463_a
gip,AAxx463_b
gip,AAxx463_c
gip,AAxx463_d
gip,AAxx463_e
gip,AAxx463_f
gip,AAxx463_g
gip,AAxx464
gip,online_status_wave
gip,expABxx039
gip,rndABxx039
gip,ABxx039
gip,rndABxx041
gip,ABxx041
gip,rndABxx067
gip,ABxx067
gip,ABxx068
gip,ABxx069
gip,rndABxx043
gip,ABxx043
gip,AExx060
gip,AExx060_TXT1
gip,AExx060_TXT1num
gip,AExx060_TXT2
gip,AExx060_TXT2num
gip,AExx061
gip,AExx061_NA
gip,AExx061_num
gip,expCExx152
gip,CExx152
gip,expCExx153
gip,rndCExx153
gip,CExx153
gip,CExx154
gip,CExx155
gip,CExx156
gip,CExx230
gip,CExx231
gip,CExx232
gip,CExx233
gip,CExx234
gip,CExx235
gip,CExx236
gip,CExx237
gip,CExx238
gip,CExx239
gip,CExx240
gip,expAKxx001_1
gip,expAKxx001_2
gip,AKxx001
gip,rndAKxx002
gip,AKxx002_1
gip,AKxx002_2
gip,AKxx002_3
gip,AKxx002_4
gip,AKxx002_5
gip,AKxx002_6
gip,AKxx002_7
gip,AKxx002_8
gip,AKxx002_9
gip,AKxx002_10
gip,AKxx002_11
gip,AKxx002_12
gip,AKxx002_13
gip,AKxx002_14
gip,AKxx002
gip,AKxx002_15
gip,AKxx003
gip,AKxx004
gip,AKxx005_1
gip,AKxx005_2
gip,AKxx005_3
gip,AKxx005_4
gip,AKxx005_5
gip,AKxx005_6
gip,AKxx005_7
gip,AKxx005_8
gip,AKxx005_9
gip,AKxx005_10
gip,AKxx005_11
gip,AKxx005_12
gip,AKxx005_13
gip,AKxx005_14
gip,AKxx005
gip,AKxx006
gip,AKxx007
gip,AKxx008_1
gip,AKxx008_2
gip,AKxx008_3
gip,AKxx008_4
gip,AKxx008_5
gip,AKxx008_6
gip,AKxx008_7
gip,AKxx008_8
gip,AKxx008_9
gip,AKxx008_10
gip,AKxx008_11
gip,AKxx008_12
gip,AKxx008_13
gip,AKxx008_14
gip,AKxx008
gip,AKxx009
gip,AKxx010
gip,AKxx011_1
gip,AKxx011_2
gip,AKxx011_3
gip,AKxx011_4
gip,AKxx011_5
gip,AKxx011_6
gip,AKxx011_7
gip,AKxx011_8
gip,AKxx011_9
gip,AKxx011_10
gip,AKxx011_11
gip,AKxx011_12
gip,AKxx011_13
gip,AKxx011_14
gip,AKxx011
gip,AKxx012
gip,AKxx013
gip,AKxx014_1
gip,AKxx014_2
gip,AKxx014_3
gip,AKxx014_4
gip,AKxx014_5
gip,AKxx014_6
gip,AKxx014_7
gip,AKxx014_8
gip,AKxx014_9
gip,AKxx014_10
gip,AKxx014_11
gip,AKxx014_12
gip,AKxx014_13
gip,AKxx014_14
gip,AKxx014
gip,AKxx015
gip,AKxx016
gip,AKxx017_1
gip,AKxx017_2
gip,AKxx017_3
gip,AKxx017_4
gip,AKxx017_5
gip,AKxx017_6
gip,AKxx017_7
gip,AKxx017_8
gip,AKxx017_9
gip,AKxx017_10
gip,AKxx017_11
gip,AKxx017_12
gip,AKxx017_13
gip,AKxx017_14
gip,AKxx017
gip,AKxx018
gip,AKxx019
gip,AKxx020
gip,AKxx021
gip,AKxx022
gip,AKxx023
gip,AKxx024
gip,AAxx041a1
gip,AAxx041a2
gip,AAxx041a3
gip,AAxx041a4
gip,AAxx041a5
gip,AAxx041a6
gip,AAxx041a9
gip,CFxx040
gip,ACxx140
gip,ACxx141
gip,ACxx142
gip,ACxx143
gip,expACxx144
gip,ACxx144
gip,expACxx145
gip,ACxx145
gip,ACxx146
gip,ACxx147_a
gip,ACxx147_b
gip,ACxx147_c
gip,ACxx147_d
gip,ACxx147_e
gip,ACxx147_f
gip,ACxx148
gip,ACxx149
gip,AAxx150
gip,AAxx151
gip,expACxx152
gip,ACxx152
gip,ACxx153
gip,expACxx154
gip,ACxx154
gip,ACxx155_0
gip,ACxx155_1
gip,ACxx155_2
gip,ACxx155_3
gip,ACxx155_4
gip,ACxx155_5
gip,ACxx155_6
gip,ACxx155
gip,ACxx156
gip,ACxx157
gip,expAKxx030
gip,AKxx030
gip,rndAKxx031
gip,AKxx031
gip,AKxx032
gip,AKxx033
gip,AKxx034
gip,AKxx035
gip,AKxx036
gip,AKxx037
gip,rndZJxx030
gip,ZJxx030
gip,ZJxx031
gip,ZJxx032
gip,ZJxx033
gip,AJxx030
gip,AJxx031
gip,AJxx032
gip,AJxx033
gip,AJxx034
gip,AJxx035
gip,AJxx036
gip,AJxx037
gip,AJxx038
gip,AJxx039
gip,AJxx040
gip,AJxx041
gip,AJxx042
gip,AExx070
gip,AExx071
gip,AExx072
gip,AExx073
gip,ACxx160
gip,ACxx161
gip,ACxx162_js
gip,ACxx162
gip,ACxx163
gip,ACxx164
gip,ACxx165
gip,ACxx166
gip,ACxx167
gip,ACxx168
gip,ACxx169
gip,ACxx170
gip,ACxx171
gip,rndCJxx001
gip,CJxx001_a
gip,CJxx001_b
gip,CJxx001_c
gip,CJxx001_d
gip,CJxx001_e
gip,CJxx001_f
gip,CJxx001_g
gip,CJxx001_h
gip,CJxx001_i
gip,CJxx001_j
gip,CJxx001_k
gip,CJxx001_l
gip,CJxx001_m
gip,CJxx001_n
gip,CJxx001_DK
gip,expZJxx020
gip,rndCIxx001
gip,CIxx001
gip,CIxx001_DK
gip,CIxx002
gip,CIxx002_DK
gip,CIxx003
gip,CIxx003_DK
gip,CIxx004
gip,CIxx004_DK
gip,CIxx005
gip,CIxx005_DK
gip,CIxx006
gip,CIxx006_DK
gip,CIxx007
gip,CIxx007_DK
gip,CIxx008_a
gip,CIxx008_b
gip,CIxx008_c
gip,CIxx008_d
gip,CIxx008_e
gip,CIxx008_f
gip,CIxx008_g
gip,CIxx009
gip,CIxx010
gip,CIxx011
gip,CIxx012
gip,CIxx013
gip,ZFxx002_DK
gip,ZFxx003
gip,ZFxx003_no
gip,ZFxx004
gip,expZFxx050
gip,ZFxx005_js
gip,ZFxx050
gip,ZFxx051
gip,expQExx001
gip,hInsdStim
gip,expCExx230
gip,rndCExx230
gip,CExx250
gip,CExx251
gip,CExx252
gip,CExx253
gip,CExx254
gip,CExx255
gip,CExx256
gip,CExx257
gip,CExx258
gip,CExx259
gip,CExx260
gip,CExx261
gip,CExx262
gip,expCExx263
gip,ParteiA
gip,ParteiB
gip,ParteiC
gip,CExx263
gip,CExx263_DK
gip,CExx264
gip,CExx264_DK
gip,CExx265
gip,CExx265_DK
gip,CExx266
gip,CExx266_DK
gip,CExx267
gip,CExx268
gip,CExx269
gip,CExx270
gip,CExx271
gip,CExx272
gip,CExx273
gip,expZHxx050
gip,ZHxx050
gip,expZHxx052
gip,ZHxx052
gip,ZHxx053
gip,expZHxx054_1
gip,expZHxx054_2
gip,expZHxx054_3
gip,ZHxx054
gip,expZHxx055
gip,ZHxx055
gip,expZHxx056
gip,ZHxx056_1
gip,ZHxx056_3
gip,ZHxx056_5
gip,ZHxx056_7
gip,ZHxx056_9
gip,ZHxx056_2
gip,ZHxx056_4
gip,ZHxx056_6
gip,ZHxx056_8
gip,ZHxx056_10
gip,ZHxx056
gip,ZHxx057_1
gip,ZHxx057_2
gip,ZHxx057_3
gip,ZHxx057_4
gip,ZHxx057_5
gip,ZHxx057_6
gip,ZHxx057_7
gip,ZHxx057_8
gip,ZHxx057_9
gip,ZHxx057_10
gip,ZHxx057
gip,expZHxx058
gip,ZHxx058_1
gip,ZHxx058_2
gip,ZHxx058_3
gip,ZHxx058_4
gip,ZHxx058_5
gip,ZHxx058_6
gip,ZHxx058_7
gip,ZHxx058_8
gip,ZHxx058_9
gip,ZHxx058_10
gip,ZHxx058_11
gip,ZHxx058_12
gip,ZHxx058_13
gip,ZHxx058_14
gip,ZHxx058_15
gip,ZHxx058_16
gip,ZHxx058_17
gip,ZHxx058_18
gip,ZHxx058_19
gip,ZHxx058_20
gip,ZHxx058_21
gip,ZHxx058_22
gip,ZHxx058
gip,ZHxx059
gip,ZHxx060_1
gip,ZHxx060_2
gip,ZHxx060_3
gip,ZHxx060_4
gip,ZHxx060_5
gip,ZHxx060_6
gip,ZHxx060_7
gip,ZHxx060_8
gip,ZHxx060_9
gip,ZHxx060_10
gip,ZHxx060_11
gip,ZHxx060_12
gip,ZHxx060_13
gip,ZHxx060_14
gip,ZHxx060_15
gip,ZHxx060_16
gip,ZHxx060_17
gip,ZHxx060_18
gip,ZHxx060_19
gip,ZHxx060_20
gip,ZHxx060_21
gip,ZHxx060_22
gip,ZHxx060
gip,ZHxx061
gip,expZHxx062
gip,ZHxx062
gip,ZFxx061_a
gip,ZFxx061_b
gip,ZFxx061_c
gip,ZFxx061_d
gip,ZFxx061_e
gip,ZFxx061_f
gip,ZFxx062
gip,ZFxx063
gip,ZFxx064
gip,expALxx001
gip,expALxx002_1
gip,expALxx002_2
gip,ALxx002
gip,expALxx003
gip,ALxx003
gip,expALxx004
gip,ALxx004
gip,ALxx005
gip,ALxx006
gip,ALxx007
gip,ALxx008
gip,ALxx009
gip,rndCExx280
gip,CExx280
gip,CExx281
gip,CExx282
gip,CExx283
gip,CExx284
gip,CExx291
gip,rndAAxx041a10
gip,AAxx041a10
gip,expCGxx080_1
gip,expCGxx080_2
gip,CGxx080
gip,CGxx081
gip,CGxx082
gip,CGxx083
gip,CGxx084
gip,expCGxx085
gip,CGxx085
gip,CGxx086_a
gip,CGxx086_b
gip,CGxx086_c
gip,CGxx086_d
gip,CGxx086_e
gip,CGxx086_f
gip,expCKxx001
gip,CKxx001
gip,expCExx285
gip,rndCExx285
gip,CExx285
gip,rndCExx286
gip,CExx286
gip,rndCExx287
gip,CExx287
gip,rndCExx288
gip,CExx288
gip,rndCExx289
gip,CExx289
gip,rndCExx290
gip,CExx290
gip,expCLxx001
gip,rndCLxx001
gip,CLxx001
gip,CLxx002
gip,CLxx003
gip,CLxx004
gip,CLxx005
gip,CLxx012
gip,AExx080
gip,AExx081
gip,AExx082
gip,AExx083
gip,dauer_f016
gip,f043_start
gip,f043_end
gip,f044_start
gip,f044_end
gip,f045_start
gip,f045_end
gip,f046_start
gip,f046_end
gip,f047_start
gip,f047_end
gip,f048_start
gip,f048_end
gip,dauer_f050
gip,dauer_f051
gip,dauer_f052
gip,dauer_f053
gip,dauer_f054
gip,dauer_f055
gip,_merge
gip,gender_17
gip,year_of_birth_cat_17
gip,educ_school_17
gip,educ_job_17
gip,marital_status_17
gip,number_hh_members_17
gip,occupation_17
gip,german_citizenship_17
gip,internet_usage_17
gip,state_17
gip,AAxx470
gip,AAxx471
gip,AAxx472
gip,hh_income_17
gip,rndCExx300
gip,CExx300
gip,CExx301
gip,CExx302
gip,CExx303
gip,CExx304
gip,rndCExx250
gip,CExx305_a
gip,CExx305_b
gip,CExx305_c
gip,CExx305_d
gip,CExx306_a
gip,CExx306_b
gip,CExx306_c
gip,CExx306_d
gip,CExx306_e
gip,CExx306_f
gip,CExx306_g
gip,rndCExx307
gip,CExx307
gip,CExx308
gip,CExx309
gip,CExx310
gip,CExx311
gip,CExx055
gip,AMxx001
gip,AMxx002_a
gip,AMxx002_b
gip,AMxx002_c
gip,AMxx002_d
gip,AMxx002_e
gip,AMxx002_f
gip,AMxx002_g
gip,AMxx002_h
gip,AMxx002_i
gip,AMxx002_j
gip,AMxx002_k
gip,AMxx002_l
gip,AMxx002_m
gip,AMxx003
gip,AMxx004
gip,AMxx005
gip,AMxx006
gip,AMxx007
gip,AMxx008
gip,AMxx009
gip,AExx090
gip,AExx091
gip,AExx092
gip,AExx093
gip,AExx094
gip,AExx095
gip,ACxx180_a
gip,ACxx180_b
gip,ACxx180_c
gip,ACxx180_d
gip,ACxx180_e
gip,ACxx180_f
gip,ACxx180_g
gip,ACxx180_h
gip,ACxx180_i
gip,ACxx094_g
gip,ACxx181
gip,ACxx182
gip,ACxx183
gip,expAMxx010
gip,AMxx010
gip,AMxx011
gip,ANxx001
gip,expCGxx090
gip,CGxx090
gip,CGxx091
gip,CGxx092
gip,CGxx093
gip,CGxx094
gip,CGxx095
gip,CGxx096
gip,CGxx097
gip,expANxx002
gip,ANxx002
gip,expAExx040
gip,AExx040_js
gip,ANxx003
gip,BFxx120
gip,BFxx121
gip,BFxx122
gip,BFxx123
gip,BFxx124
gip,BFxx125
gip,ZFxx070_a
gip,ZFxx070_b
gip,ZFxx070_c
gip,ZFxx070_d
gip,ZFxx070_e
gip,ZFxx070_f
gip,ZFxx070_g
gip,ZFxx070_h
gip,ZFxx070_i
gip,ZFxx070_j
gip,ZFxx071
gip,ZFxx072_a
gip,ZFxx072_b
gip,ZFxx072_c
gip,ZFxx072_d
gip,ZFxx072_e
gip,ZFxx072_f
gip,ZFxx072_g
gip,ZFxx072_h
gip,ZFxx073
gip,ZFxx074
gip,ZFxx075
gip,ZFxx076
gip,ZFxx077_a
gip,ZFxx077_b
gip,ZFxx077_c
gip,ZFxx077_d
gip,ZFxx077_e
gip,ZFxx077_f
gip,ZFxx077_g
gip,ZFxx077_h
gip,ZFxx077_i
gip,ZFxx077_j
gip,ZFxx077_k
gip,ZFxx077_l
gip,ZFxx077_m
gip,ZFxx077_n
gip,ZFxx077_o
gip,ZFxx078
gip,ZFxx079
gip,ZFxx080
gip,ZFxx081
gip,ZFxx082
gip,ZFxx083
gip,ZFxx084
gip,ZFxx085
gip,ZFxx086
gip,ZFxx087
gip,ZFxx088
gip,ZFxx089
gip,ZFxx090
gip,ZFxx091
gip,CFxx050
gip,CFxx051
gip,CFxx052
gip,rndCFxx053
gip,CFxx053
gip,rndCFxx054
gip,CFxx054
gip,CFxx055
gip,CFxx056_1
gip,CFxx056_2
gip,CFxx056_3
gip,CFxx056_DK
gip,CFxx057_1
gip,CFxx057_2
gip,CFxx057_3
gip,CFxx057_4
gip,CFxx057_DK
gip,CFxx058_1
gip,CFxx058_2
gip,CFxx058_3
gip,CFxx058_4
gip,CFxx058_5
gip,CFxx058_6
gip,CFxx058
gip,CFxx059
gip,CFxx060
gip,CFxx061
gip,CFxx062_1
gip,CFxx062_2
gip,CFxx062_3
gip,CFxx062_4
gip,CFxx062_5
gip,CFxx062_6
gip,CFxx062
gip,CFxx063
gip,CFxx064
gip,CFxx065
gip,CFxx066_1
gip,CFxx066_2
gip,CFxx066_3
gip,CFxx066_4
gip,CFxx066_5
gip,CFxx066_6
gip,CFxx066
gip,CFxx067
gip,CFxx068
gip,CFxx069
gip,rndCFxx070
gip,CFxx070
gip,CFxx071
gip,CFxx072
gip,CFxx073
gip,CFxx074
gip,CFxx075
gip,rndZJxx032
gip,rndZJxx033
gip,ZJxx034
gip,rndZJxx035
gip,ZJxx035
gip,ZJxx036
gip,QExx008_TXT_na
gip,expCGxx098
gip,CGxx099
gip,CGxx100
gip,CGxx101
gip,CGxx102
gip,ZHxx032
gip,rndCGxx001
gip,CGxx001
gip,CGxx003
gip,CGxx004
gip,CGxx005
gip,CGxx006
gip,CGxx007
gip,expCGxx095
gip,expCGxx096
gip,expCDxx129
gip,CDxx129
gip,expCDxx130
gip,CDxx131
gip,CDxx132
gip,expCDxx133
gip,CDxx134
gip,ACxx184
gip,ACxx185
gip,ACxx186
gip,ACxx187
gip,ACxx188
gip,ACxx189
gip,ACxx190
gip,ACxx191
gip,ACxx192
gip,ACxx193
gip,ACxx194
gip,expACxx058
gip,ACxx194_TXT_na
gip,expACxx067
gip,ACxx195_TXT_na
gip,CFxx076
gip,expCFxx077
gip,CFxx078
gip,CFxx079
gip,CFxx080
gip,CFxx081
gip,rndCFxx082
gip,CFxx082
gip,rndCFxx083
gip,CFxx083
gip,rndCFxx084
gip,CFxx084
gip,expCFxx085
gip,CFxx086
gip,CFxx087_a
gip,CFxx087_b
gip,CFxx087_c
gip,CFxx087_d
gip,CFxx087_e
gip,CFxx087_f
gip,CFxx087_g
gip,CFxx087_h
gip,CFxx087_i
gip,CFxx087_j
gip,CFxx087_k
gip,CFxx087_l
gip,gender_18
gip,year_of_birth_cat_18
gip,educ_school_18
gip,educ_job_18
gip,marital_status_18
gip,number_hh_members_18
gip,occupation_18
gip,german_citizenship_18
gip,internet_usage_18
gip,state_18
gip,AAxx044
gip,AAxx046
gip,AAxx047
gip,AAxx048
gip,AAxx049
gip,AAxx051
gip,AAxx052
gip,AAxx053
gip,AAxx465
gip,QExx008_TXT_NA
gip,hh_income_18
gip,expZFxx092
gip,ZFxx092
gip,ZFxx093
gip,ZFxx094
gip,ZFxx095
gip,ZFxx096
gip,ZFxx097
gip,BGxx001
gip,BGxx002
gip,BGxx003
gip,BGxx004
gip,BGxx005
gip,BGxx006_a
gip,BGxx006_b
gip,BGxx006_c
gip,BGxx006_d
gip,BGxx006_e
gip,BGxx006_f
gip,BGxx007
gip,BGxx008
gip,BGxx009
gip,BGxx010
gip,BGxx011
gip,ZFxx116_js
gip,expZFxx116
gip,ZFxx116
gip,ZFxx117
gip,CExx312
gip,CExx313
gip,expCExx314
gip,CExx314
gip,CExx315
gip,CExx316
gip,CExx317
gip,CExx318
gip,CExx319
gip,CExx320
gip,CExx321
gip,CExx322
gip,CExx323
gip,CExx324
gip,CExx325
gip,CExx326
gip,CExx327
gip,CExx328
gip,CExx329
gip,expCExx330
gip,CExx330
gip,CExx331
gip,CExx332
gip,CExx333
gip,CExx334
gip,CExx335
gip,CExx336
gip,CExx337
gip,CExx338
gip,CExx339
gip,CExx340
gip,CExx341
gip,CExx342
gip,CExx343
gip,CExx344
gip,CExx345
gip,CExx346
gip,rndZHxx352
gip,CExx347
gip,CExx348
gip,CExx349
gip,CExx350
gip,CExx351
gip,CExx352
gip,ZFxx098
gip,ZFxx099
gip,ZFxx100
gip,ZFxx101
gip,ZFxx102
gip,ZFxx103
gip,ZFxx104
gip,ZFxx105
gip,ZFxx106
gip,ZFxx107
gip,ZFxx108
gip,ZFxx109
gip,ZFxx110
gip,ZFxx111
gip,ZFxx112
gip,ZFxx113
gip,ZFxx114
gip,ZFxx115
gip,expACxx196a
gip,expACxx196b
gip,ACxx196
gip,rndACxx197
gip,expACxx197a1
gip,expACxx197b1
gip,expACxx197c1
gip,expACxx197d1
gip,expACxx197e1
gip,expACxx197a2
gip,expACxx197b2
gip,expACxx197c2
gip,expACxx197d2
gip,expACxx197e2
gip,ACxx197
gip,expACxx198a1
gip,expACxx198b1
gip,expACxx198c1
gip,expACxx198d1
gip,expACxx198e1
gip,expACxx198a2
gip,expACxx198b2
gip,expACxx198c2
gip,expACxx198d2
gip,expACxx198e2
gip,ACxx198
gip,ACxx199
gip,ACxx200
gip,ACxx201
gip,ACxx202
gip,ACxx207
gip,expACxx203
gip,ACxx203
gip,expACxx163
gip,ACxx204
gip,ACxx208
gip,expACxx205
gip,ACxx205
gip,ACxx206
gip,AExx096
gip,AExx097
gip,AExx098
gip,AExx099
gip,AExx100
gip,AExx101
gip,expCMxx001
gip,CMxx001
gip,CMxx002
gip,CMxx003
gip,CMxx004
gip,CMxx005
gip,CMxx006
gip,CMxx007
gip,CMxx008
gip,CMxx009
gip,CMxx010
gip,CMxx012_js
gip,CMxx011
gip,CMxx012
gip,CMxx013
gip,DZxx001
gip,DZxx002
gip,CJxx001_o
gip,CJxx001_p
gip,ACxx201_txt
gip,expZFxx117
gip,rndZFxx117
gip,ZFxx118
gip,ZFxx119
gip,ZFxx120
gip,ZFxx121
gip,ZFxx122
gip,ZFxx123
gip,ZFxx124
gip,ZFxx125
gip,ZFxx126
gip,ZFxx127
gip,ZFxx128
gip,ZFxx129
gip,ZFxx130
gip,ZFxx131
gip,ZFxx132
gip,ZFxx133
gip,ZFxx134
gip,ZFxx135
gip,ZFxx136
gip,rndCGxx002
gip,CGxx103
gip,CGxx104
gip,expCGxx105
gip,CGxx105
gip,expCGxx100
gip,expACxx214a
gip,expACxx214b
gip,expACxx214c
gip,expACxx214d
gip,expACxx214e
gip,ACxx214
gip,expACxx215a
gip,expACxx215b
gip,expACxx215c
gip,expACxx215d
gip,expACxx215e
gip,ACxx215
gip,expACxx209a
gip,expACxx209b
gip,expACxx209c
gip,expACxx209d
gip,expACxx209e
gip,expACxx209f
gip,ACxx209
gip,ACxx210
gip,ACxx211
gip,ACxx212
gip,expACxx213a
gip,expACxx213b
gip,ACxx213
gip,CFxx088
gip,expCFxx015
gip,CFxx015
gip,rndCExx014
gip,CExx014
gip,CExx034
gip,CExx015
gip,CExx035
gip,CExx019
gip,CExx039
gip,CExx023
gip,CExx043
gip,CExx025
gip,CExx045
gip,CExx027
gip,CExx047
gip,CExx028
gip,CExx048
gip,CExx030
gip,CExx050
gip,CExx032
gip,CExx052
gip,CExx033
gip,CExx053
gip,CExx021
gip,CExx041
gip,CExx016
gip,CExx036
gip,CExx020
gip,CExx040
gip,CExx029
gip,CExx049
gip,CExx024
gip,CExx044
gip,ZJxx037
gip,ZJxx038
gip,ZJxx039
gip,ZJxx040
gip,ZJxx041
gip,expAJxx043
gip,AJxx043
gip,AJxx044
gip,AJxx045
gip,AJxx046
gip,AJxx070
gip,AJxx047
gip,AJxx048
gip,AJxx049
gip,AJxx050
gip,expZFxx137
gip,ZFxx137
gip,ZFxx138
gip,AAxx045_1
gip,AAxx048_1
gip,AAxx050_1
gip,AAxx053_1
gip,AAxx045_2
gip,AAxx048_2
gip,AAxx050_2
gip,AAxx053_2
gip,AAxx045_3
gip,AAxx048_3
gip,AAxx050_3
gip,AAxx053_3
gip,AAxx045_4
gip,AAxx048_4
gip,AAxx050_4
gip,AAxx053_4
gip,AJxx051
gip,expZFxx145
gip,ZFxx145
gip,ZFxx146
gip,ZFxx147
gip,ZFxx148
gip,ZFxx149
gip,ZFxx150
gip,ZFxx151
gip,ZFxx152
gip,ZFxx153
gip,ZFxx154
gip,ZFxx155
gip,ZFxx156
gip,ZFxx157
gip,ZFxx158
gip,ZFxx159
gip,ZFxx160
gip,ZFxx161
gip,ZFxx162
gip,ZFxx163
gip,ZFxx164
gip,ZFxx165
gip,ZFxx166
gip,ZFxx167
gip,ZFxx168
gip,ZFxx169
gip,ZFxx170
gip,ZFxx171
gip,ZFxx172
gip,ZFxx173
gip,ZFxx174
gip,ZFxx175
gip,ZFxx176
gip,ZFxx177
gip,ZFxx178
gip,ZFxx179
gip,ZFxx180
gip,ZFxx181
gip,ZFxx182
gip,ZFxx183
gip,ZFxx184
gip,ZFxx185
gip,ZFxx186
gip,ZFxx187
gip,ZFxx188
gip,ZFxx189
gip,ZFxx190
gip,ZFxx191
gip,ZFxx192
gip,CGxx106
gip,expAJxx052
gip,rndAJxx052
gip,AJxx052
gip,AJxx052_1
gip,AJxx052_2
gip,rndAJxx053
gip,AJxx053
gip,AJxx053_1
gip,AJxx053_2
gip,rndAJxx054
gip,AJxx054
gip,AJxx054_1
gip,AJxx054_2
gip,rndAJxx055
gip,AJxx055
gip,AJxx055_1
gip,AJxx055_2
gip,expAJxx056
gip,rndAJxx056
gip,AJxx056
gip,rndAJxx058
gip,AJxx058
gip,rndAJxx060
gip,AJxx060_a
gip,AJxx060_b
gip,AJxx060_c
gip,AJxx060_d
gip,rndAJxx062
gip,AJxx062
gip,rndAJxx064
gip,AJxx064
gip,rndAJxx066
gip,AJxx066_a
gip,AJxx066_b
gip,AJxx066_c
gip,AJxx066_d
gip,rndAJxx068
gip,AJxx068_a
gip,AJxx068_b
gip,AJxx068_c
gip,AJxx068_d
gip,AJxx068_e
gip,expZFxx193
gip,ZFxx193
gip,ZFxx194
gip,ZFxx195
gip,ZFxx196
gip,ZFxx197
gip,ZFxx198
gip,ZFxx199
gip,ZFxx200
gip,ZFxx201
gip,gender_19
gip,year_of_birth_cat_19
gip,educ_school_19
gip,educ_job_19
gip,marital_status_19
gip,number_hh_members_19
gip,occupation_19
gip,german_citizenship_19
gip,internet_usage_19
gip,state_19
gip,rndCExx353
gip,CExx353_1a
gip,CExx353_1b
gip,CExx353_2a
gip,CExx353_2b
gip,CExx353_3a
gip,CExx353_3b
gip,CExx353_4a
gip,CExx353_4b
gip,CExx353_5a
gip,CExx353_5b
gip,CExx353_6a
gip,CExx353_6b
gip,CExx353_7a
gip,CExx353_7b
gip,CExx353_8a
gip,CExx353_8b
gip,CExx353_9a
gip,CExx353_9b
gip,CExx353
gip,rndCExx354
gip,CExx354
gip,CExx355
gip,CExx356_1c
gip,CExx356_1d
gip,CExx356_2c
gip,CExx356_2d
gip,CExx356_3c
gip,CExx356_3d
gip,CExx356_4c
gip,CExx356_4d
gip,CExx356_5c
gip,CExx356_5d
gip,CExx356_6c
gip,CExx356_6d
gip,CExx356_7c
gip,CExx356_7d
gip,CExx356_8c
gip,CExx356_8d
gip,CExx356_9c
gip,CExx356_9d
gip,CExx356
gip,expCExx357
gip,CExx357
gip,CExx358
gip,CExx359_1e
gip,CExx359_1f
gip,CExx359_2e
gip,CExx359_2f
gip,CExx359_3e
gip,CExx359_3f
gip,CExx359_4e
gip,CExx359_4f
gip,CExx359_5e
gip,CExx359_5f
gip,CExx359_6e
gip,CExx359_6f
gip,CExx359_7e
gip,CExx359_7f
gip,CExx359_8e
gip,CExx359_8f
gip,CExx359_9e
gip,CExx359_9f
gip,CExx359
gip,CExx360
gip,CExx361
gip,CExx362_1g
gip,CExx362_1h
gip,CExx362_2g
gip,CExx362_2h
gip,CExx362_3g
gip,CExx362_3h
gip,CExx362_4g
gip,CExx362_4h
gip,CExx362_5g
gip,CExx362_5h
gip,CExx362_6g
gip,CExx362_6h
gip,CExx362_7g
gip,CExx362_7h
gip,CExx362_8g
gip,CExx362_8h
gip,CExx362_9g
gip,CExx362_9h
gip,CExx362
gip,CExx363
gip,CExx364
gip,CExx365_1i
gip,CExx365_1j
gip,CExx365_2i
gip,CExx365_2j
gip,CExx365_3i
gip,CExx365_3j
gip,CExx365_4i
gip,CExx365_4j
gip,CExx365_5i
gip,CExx365_5j
gip,CExx365_6i
gip,CExx365_6j
gip,CExx365_7i
gip,CExx365_7j
gip,CExx365_8i
gip,CExx365_8j
gip,CExx365_9i
gip,CExx365_9j
gip,CExx365
gip,CExx366
gip,CExx367
gip,CExx368_1k
gip,CExx368_1l
gip,CExx368_2k
gip,CExx368_2l
gip,CExx368_3k
gip,CExx368_3l
gip,CExx368_4k
gip,CExx368_4l
gip,CExx368_5k
gip,CExx368_5l
gip,CExx368_6k
gip,CExx368_6l
gip,CExx368_7k
gip,CExx368_7l
gip,CExx368_8k
gip,CExx368_8l
gip,CExx368_9k
gip,CExx368_9l
gip,CExx368
gip,CExx369
gip,CExx370
gip,CExx371_1m
gip,CExx371_1n
gip,CExx371_2m
gip,CExx371_2n
gip,CExx371_3m
gip,CExx371_3n
gip,CExx371_4m
gip,CExx371_4n
gip,CExx371_5m
gip,CExx371_5n
gip,CExx371_6m
gip,CExx371_6n
gip,CExx371_7m
gip,CExx371_7n
gip,CExx371_8m
gip,CExx371_8n
gip,CExx371_9m
gip,CExx371_9n
gip,CExx371
gip,CExx372
gip,CExx373
gip,CExx374_1o
gip,CExx374_1p
gip,CExx374_2o
gip,CExx374_2p
gip,CExx374_3o
gip,CExx374_3p
gip,CExx374_4o
gip,CExx374_4p
gip,CExx374_5o
gip,CExx374_5p
gip,CExx374_6o
gip,CExx374_6p
gip,CExx374_7o
gip,CExx374_7p
gip,CExx374_8o
gip,CExx374_8p
gip,CExx374_9o
gip,CExx374_9p
gip,CExx374
gip,CExx375
gip,CExx376
gip,CExx377_1q
gip,CExx377_1r
gip,CExx377_2q
gip,CExx377_2r
gip,CExx377_3q
gip,CExx377_3r
gip,CExx377_4q
gip,CExx377_4r
gip,CExx377_5q
gip,CExx377_5r
gip,CExx377_6q
gip,CExx377_6r
gip,CExx377_7q
gip,CExx377_7r
gip,CExx377_8q
gip,CExx377_8r
gip,CExx377_9q
gip,CExx377_9r
gip,CExx377
gip,CExx378
gip,CExx379
gip,CExx380_1s
gip,CExx380_1t
gip,CExx380_2s
gip,CExx380_2t
gip,CExx380_3s
gip,CExx380_3t
gip,CExx380_4s
gip,CExx380_4t
gip,CExx380_5s
gip,CExx380_5t
gip,CExx380_6s
gip,CExx380_6t
gip,CExx380_7s
gip,CExx380_7t
gip,CExx380_8s
gip,CExx380_8t
gip,CExx380_9s
gip,CExx380_9t
gip,CExx380
gip,CExx381
gip,CExx382
gip,expBGxx012
gip,BGxx012_a
gip,BGxx012_b
gip,BGxx012_c
gip,BGxx012_d
gip,BGxx013_a
gip,BGxx013_b
gip,BGxx013_c
gip,BGxx013_d
gip,BGxx014
gip,BGxx015
gip,BGxx016
gip,AExx102
gip,AExx103
gip,AExx104
gip,AExx105
gip,AExx106
gip,AExx107
gip,BGxx017
gip,AMxx012
gip,AMxx013
gip,AMxx014
gip,AMxx015
gip,AMxx016
gip,AMxx017_a
gip,AMxx017_b
gip,AMxx017_c
gip,AMxx017_d
gip,AMxx017_e
gip,AMxx017_f
gip,AMxx017_g
gip,AMxx017_h
gip,AMxx017_i
gip,AMxx017_j
gip,AMxx017_k
gip,AMxx017_l
gip,AMxx017_m
gip,AMxx017_n
gip,AMxx017_o
gip,AMxx017_p
gip,AMxx017_q
gip,AMxx018
gip,expAMxx019
gip,AMxx020
gip,expZJxx042
gip,ZJxx042
gip,expACxx216
gip,ACxx216
gip,ACxx217
gip,expACxx217a
gip,expACxx217b
gip,expACxx217c
gip,expACxx217d
gip,ACxx218
gip,expACxx218a
gip,expACxx218b
gip,expACxx218c
gip,expACxx218d
gip,expACxx161
gip,ACxx220
gip,ACxx221
gip,ACxx222
gip,ACxx223
gip,ACxx224
gip,ACxx225
gip,ACxx226
gip,ACxx227
gip,ACxx228
gip,ACxx229
gip,ACxx230
gip,expACxx231a
gip,expACxx231c
gip,expACxx231d
gip,ACxx231
gip,ACxx219
gip,rndAKxx023
gip,rndAKxx024
gip,rndAAxx041A10
gip,AAxx021
gip,expCDxx135
gip,CDxx135
gip,expCDxx136
gip,rndCDxx136
gip,CDxx136
gip,CDxx137
gip,CDxx138
gip,rndCDxx139
gip,CDxx139
gip,CDxx140
gip,CDxx141
gip,rndAKxx034
gip,expZHxx032
gip,CGxx107
gip,CGxx108
gip,CGxx109
gip,CGxx110
gip,CGxx111
gip,expCGxx112_1a
gip,expCGxx112_1c
gip,expCGxx112_2a
gip,expCGxx112_2c
gip,expCGxx112_3a
gip,expCGxx112_3c
gip,expCGxx112_4a
gip,expCGxx112_4c
gip,expCGxx112_5a
gip,expCGxx112_5c
gip,expCGxx112_6a
gip,expCGxx112_6c
gip,expCGxx112_7a
gip,expCGxx112_7c
gip,expCGxx112_1b
gip,expCGxx112_1d
gip,expCGxx112_2b
gip,expCGxx112_2d
gip,expCGxx112_3b
gip,expCGxx112_3d
gip,expCGxx112_4b
gip,expCGxx112_4d
gip,expCGxx112_5b
gip,expCGxx112_5d
gip,expCGxx112_6b
gip,expCGxx112_6d
gip,expCGxx112_7b
gip,expCGxx112_7d
gip,rndCGxx112
gip,CGxx112
gip,rndCGxx113
gip,CGxx113
gip,CGxx114
gip,CGxx115
gip,CGxx116
gip,CGxx117
gip,rndCDxx143
gip,CDxx143
gip,CDxx144
gip,CDxx145
gip,CDxx146
gip,CDxx147
gip,ZJxx048
gip,CFxx089_a
gip,CFxx089_b
gip,CFxx089_c
gip,CFxx089_d
gip,CFxx089_e
gip,CFxx089_f
gip,CFxx089_dk
gip,rndCFxx093
gip,CFxx093_1
gip,CFxx093_2
gip,CFxx093_3
gip,CFxx093_4
gip,CFxx093_5
gip,expCFxx084
gip,CFxx094_a
gip,CFxx094_b
gip,CFxx094_c
gip,CFxx094_d
gip,CFxx094_e
gip,CFxx094_f
gip,CFxx094_g
gip,CFxx094_h
gip,CFxx094_i
gip,CFxx094_j
gip,CFxx094_k
gip,CFxx094_l
gip,AExx108
gip,AExx109
gip,AExx110
gip,AExx111
gip,AExx112
gip,AExx113
gip,AExx114_a
gip,rndAExx114
gip,AExx114_b
gip,AExx114_c
gip,AExx114_d
gip,AExx114_e
gip,AExx114_f
gip,AExx114_g
gip,AExx114_h
gip,AExx114_dk
gip,ZJxx043
gip,ZJxx044
gip,ZJxx045
gip,ZJxx046
gip,ZJxx047
