,instrument_name,question_name,dataset_name,variable_name
1,W35,2,GIP_W35_V1,RM35001
3,W35,3,GIP_W35_V1,RM35002_a
4,W35,3,GIP_W35_V1,RM35002_b
5,W35,3,GIP_W35_V1,RM35002_c
6,W35,3,GIP_W35_V1,RM35002_d 
7,W35,3,GIP_W35_V1,RM35002_e 
8,W35,3,GIP_W35_V1,RM35002_f
9,W35,3,GIP_W35_V1,RM35002_g 
10,W35,3,GIP_W35_V1,RM35002_TXT
11,W35,3,GIP_W35_V1,RM35002_h
12,W35,4,GIP_W35_V1,RM35003
13,W35,5,GIP_W35_V1,RM35004 
15,W35,6,GIP_W35_V1,RM35005_a
16,W35,6,GIP_W35_V1,RM35005_b
17,W35,6,GIP_W35_V1,RM35005_c 
18,W35,6,GIP_W35_V1,RM35005_d 
19,W35,6,GIP_W35_V1,RM35005_e 
20,W35,6,GIP_W35_V1,RM35005_f
21,W35,6,GIP_W35_V1,RM35005_g 
22,W35,6,GIP_W35_V1,RM35005_h
23,W35,6,GIP_W35_V1,RM35005_TXT
24,W35,6,GIP_W35_V1,RM35005_i
25,W35,6,GIP_W35_V1,RM35005_j
26,W35,7,GIP_W35_V1,RM35006 
27,W35,8,GIP_W35_V1,RM35007 
28,W35,9,GIP_W35_V1, RM35008
29,W35,10,GIP_W35_V1,RM35009
30,W35,11,GIP_W35_V1,RM35010 
31,W35,12,GIP_W35_V1,RM35011
32,W35,13,GIP_W35_V1,RM35012 
33,W35,14,GIP_W35_V1,RM35013
34,W35,15,GIP_W35_V1,RM35014
35,W35,16,GIP_W35_V1,RM35015
36,W35,17,GIP_W35_V1,RM35016
37,W35,18,GIP_W35_V1,RM35017
38,W35,19,GIP_W35_V1,RM35018 
39,W35,20,GIP_W35_V1,RM35019
41,W35,21,GIP_W35_V1,RM35020_a
42,W35,21,GIP_W35_V1,RM35020_b
43,W35,21,GIP_W35_V1,RM35020_c
44,W35,21,GIP_W35_V1,RM35020_d
45,W35,21,GIP_W35_V1,RM35020_e
46,W35,21,GIP_W35_V1,RM35020_f
47,W35,21,GIP_W35_V1,RM35020_g
48,W35,21,GIP_W35_V1,RM35020_h
49,W35,21,GIP_W35_V1,RM35020_i
50,W35,21,GIP_W35_V1,RM35020_j
51,W35,21,GIP_W35_V1,RM35020_TXT
53,W35,22,GIP_W35_V1,RM35021_a
54,W35,22,GIP_W35_V1,RM35021_b
55,W35,22,GIP_W35_V1,RM35021_c
56,W35,22,GIP_W35_V1,RM35021_d
57,W35,22,GIP_W35_V1,RM35021_e
58,W35,22,GIP_W35_V1,RM35021_f
59,W35,22,GIP_W35_V1,RM35021_g
60,W35,22,GIP_W35_V1,RM35021_h
61,W35,22,GIP_W35_V1,RM35021_i
62,W35,22,GIP_W35_V1,RM35021_j
63,W35,22,GIP_W35_V1,RM35021_TXT
65,W35,23,GIP_W35_V1,RM35022_a
66,W35,23,GIP_W35_V1,RM35022_b
67,W35,23,GIP_W35_V1,RM35022_c
68,W35,23,GIP_W35_V1,RM35022_d
69,W35,23,GIP_W35_V1,RM35022_e
70,W35,23,GIP_W35_V1,RM35022_f
71,W35,23,GIP_W35_V1,RM35022_g
72,W35,23,GIP_W35_V1,RM35022_h
73,W35,23,GIP_W35_V1,RM35022_i
74,W35,23,GIP_W35_V1,RM35022_j
75,W35,23,GIP_W35_V1,RM35022_TXT
76,W35,23,GIP_W35_V1,RM35022_k
77,W35,24,GIP_W35_V1,RM35023
78,W35,25,GIP_W35_V1,RM35024
79,W35,26,GIP_W35_V1,CE35304 
80,W35,27,GIP_W35_V1,CE35250
81,W35,28,GIP_W35_V1,CE35252 
82,W35,29,GIP_W35_V1,CE35254
83,W35,30,GIP_W35_V1,CE35256 
84,W35,31,GIP_W35_V1,CE35258 
85,W35,32,GIP_W35_V1,CE35260 
86,W35,33,GIP_W35_V1,CE35XXX 
87,W35,34,GIP_W35_V1,ZJ35030
88,W35,35,GIP_W35_V1,ZJ35031 
90,W35,36,GIP_W35_V1,QE35001 
91,W35,36,GIP_W35_V1,QE35002 
92,W35,36,GIP_W35_V1,QE35003
93,W35,36,GIP_W35_V1,QE35004
94,W35,36,GIP_W35_V1,QE35005 
95,W35,36,GIP_W35_V1,QE35006 
96,W35,42,GIP_W35_V1,QE35007 
97,W35,43,GIP_W35_V1,QE35008
