study,dataset,name,concept
gip,GIP_W59_V1,id_g,id_g
gip,GIP_W59_V1,hhid_g,hhid_g
gip,GIP_W59_V1,pid,pid
gip,GIP_W59_V1,gender_20,gender_20
gip,GIP_W59_V1,year_of_birth_cat_20,year_of_birth_cat_20
gip,GIP_W59_V1,educ_school_21,educ_school_21
gip,GIP_W59_V1,educ_job_21,educ_job_21
gip,GIP_W59_V1,marital_status_21,marital_status_21
gip,GIP_W59_V1,number_hh_members_21,number_hh_members_21
gip,GIP_W59_V1,occupation_21,occupation_21
gip,GIP_W59_V1,german_citizenship_21,german_citizenship_21
gip,GIP_W59_V1,internet_usage_20,internet_usage_20
gip,GIP_W59_V1,state_21,state_21
gip,GIP_W59_V1,sample,sample
gip,GIP_W59_V1,dDatum,dDatum
gip,GIP_W59_V1,online_status_wave,online_status_wave
gip,GIP_W59_V1,RM59001,RMxx001
gip,GIP_W59_V1,RM59002_a,RMxx002_a
gip,GIP_W59_V1,RM59002_b,RMxx002_b
gip,GIP_W59_V1,RM59002_c,RMxx002_c
gip,GIP_W59_V1,RM59002_d,RMxx002_d
gip,GIP_W59_V1,RM59002_e,RMxx002_e
gip,GIP_W59_V1,RM59002_f,RMxx002_f
gip,GIP_W59_V1,RM59002_g,RMxx002_g
gip,GIP_W59_V1,RM59002_h,RMxx002_h
gip,GIP_W59_V1,RM59003,RMxx003
gip,GIP_W59_V1,RM59004,RMxx004
gip,GIP_W59_V1,RM59005_a,RMxx005_a
gip,GIP_W59_V1,RM59005_b,RMxx005_b
gip,GIP_W59_V1,RM59005_c,RMxx005_c
gip,GIP_W59_V1,RM59005_d,RMxx005_d
gip,GIP_W59_V1,RM59005_e,RMxx005_e
gip,GIP_W59_V1,RM59005_f,RMxx005_f
gip,GIP_W59_V1,RM59005_g,RMxx005_g
gip,GIP_W59_V1,RM59005_h,RMxx005_h
gip,GIP_W59_V1,RM59005_i,RMxx005_i
gip,GIP_W59_V1,RM59005_j,RMxx005_j
gip,GIP_W59_V1,RM59006,RMxx006
gip,GIP_W59_V1,RM59007,RMxx007
gip,GIP_W59_V1,expRM59008,expRMxx008
gip,GIP_W59_V1,RM59008,RMxx008
gip,GIP_W59_V1,RM59009,RMxx009
gip,GIP_W59_V1,RM59010,RMxx010
gip,GIP_W59_V1,RM59011,RMxx011
gip,GIP_W59_V1,RM59012,RMxx012
gip,GIP_W59_V1,RM59013,RMxx013
gip,GIP_W59_V1,RM59014,RMxx014
gip,GIP_W59_V1,RM59015,RMxx015
gip,GIP_W59_V1,RM59016,RMxx016
gip,GIP_W59_V1,CF59015,CFxx015
gip,GIP_W59_V1,RM59018,RMxx018
gip,GIP_W59_V1,RM59019,RMxx019
gip,GIP_W59_V1,RM59020_a,RMxx020_a
gip,GIP_W59_V1,RM59020_b,RMxx020_b
gip,GIP_W59_V1,RM59020_c,RMxx020_c
gip,GIP_W59_V1,RM59020_d,RMxx020_d
gip,GIP_W59_V1,RM59020_e,RMxx020_e
gip,GIP_W59_V1,RM59020_f,RMxx020_f
gip,GIP_W59_V1,RM59020_g,RMxx020_g
gip,GIP_W59_V1,RM59020_h,RMxx020_h
gip,GIP_W59_V1,RM59020_i,RMxx020_i
gip,GIP_W59_V1,RM59020_j,RMxx020_j
gip,GIP_W59_V1,RM59021_a,RMxx021_a
gip,GIP_W59_V1,RM59021_b,RMxx021_b
gip,GIP_W59_V1,RM59021_c,RMxx021_c
gip,GIP_W59_V1,RM59021_d,RMxx021_d
gip,GIP_W59_V1,RM59021_e,RMxx021_e
gip,GIP_W59_V1,RM59021_f,RMxx021_f
gip,GIP_W59_V1,RM59021_g,RMxx021_g
gip,GIP_W59_V1,RM59021_h,RMxx021_h
gip,GIP_W59_V1,RM59021_i,RMxx021_i
gip,GIP_W59_V1,RM59021_j,RMxx021_j
gip,GIP_W59_V1,RM59022_a,RMxx022_a
gip,GIP_W59_V1,RM59022_b,RMxx022_b
gip,GIP_W59_V1,RM59022_c,RMxx022_c
gip,GIP_W59_V1,RM59022_d,RMxx022_d
gip,GIP_W59_V1,RM59022_e,RMxx022_e
gip,GIP_W59_V1,RM59022_f,RMxx022_f
gip,GIP_W59_V1,RM59022_g,RMxx022_g
gip,GIP_W59_V1,RM59022_h,RMxx022_h
gip,GIP_W59_V1,RM59022_i,RMxx022_i
gip,GIP_W59_V1,RM59022_j,RMxx022_j
gip,GIP_W59_V1,RM59022_k,RMxx022_k
gip,GIP_W59_V1,RM59023,RMxx023
gip,GIP_W59_V1,RM59024,RMxx024
gip,GIP_W59_V1,CF59002,CFxx002
gip,GIP_W59_V1,CF59001,CFxx001
gip,GIP_W59_V1,CF59103,CFxx103
gip,GIP_W59_V1,rndCF59104,rndCFxx104
gip,GIP_W59_V1,CF59104_a,CFxx104_a
gip,GIP_W59_V1,CF59104_b,CFxx104_b
gip,GIP_W59_V1,CF59104_c,CFxx104_c
gip,GIP_W59_V1,CF59104_d,CFxx104_d
gip,GIP_W59_V1,CF59104_e,CFxx104_e
gip,GIP_W59_V1,CF59104_f,CFxx104_f
gip,GIP_W59_V1,CF59104_g,CFxx104_g
gip,GIP_W59_V1,CF59104_h,CFxx104_h
gip,GIP_W59_V1,CF59105,CFxx105
gip,GIP_W59_V1,rndCF59106,rndCFxx106
gip,GIP_W59_V1,CF59106_a,CFxx106_a
gip,GIP_W59_V1,CF59106_b,CFxx106_b
gip,GIP_W59_V1,CF59106_c,CFxx106_c
gip,GIP_W59_V1,CF59106_d,CFxx106_d
gip,GIP_W59_V1,CF59106_e,CFxx106_e
gip,GIP_W59_V1,CF59106_f,CFxx106_f
gip,GIP_W59_V1,CF59106_g,CFxx106_g
gip,GIP_W59_V1,CF59106_h,CFxx106_h
gip,GIP_W59_V1,expAP59001,expAPxx001
gip,GIP_W59_V1,AP59001_a,APxx001_a
gip,GIP_W59_V1,AP59001_b,APxx001_b
gip,GIP_W59_V1,AP59001_c,APxx001_c
gip,GIP_W59_V1,AP59001_d,APxx001_d
gip,GIP_W59_V1,AP59001_e,APxx001_e
gip,GIP_W59_V1,AP59001_f,APxx001_f
gip,GIP_W59_V1,AP59001_g,APxx001_g
gip,GIP_W59_V1,AP59001_h,APxx001_h
gip,GIP_W59_V1,AP59001_i,APxx001_i
gip,GIP_W59_V1,AP59001_j,APxx001_j
gip,GIP_W59_V1,AP59001_k,APxx001_k
gip,GIP_W59_V1,AP59001_l,APxx001_l
gip,GIP_W59_V1,AP59001_m,APxx001_m
gip,GIP_W59_V1,AP59001_n,APxx001_n
gip,GIP_W59_V1,AP59001_o,APxx001_o
gip,GIP_W59_V1,AP59001_p,APxx001_p
gip,GIP_W59_V1,rndAP59002,rndAPxx002
gip,GIP_W59_V1,expAP59002,expAPxx002
gip,GIP_W59_V1,AP59002,APxx002
gip,GIP_W59_V1,expAP59004,expAPxx004
gip,GIP_W59_V1,AP59004,APxx004
gip,GIP_W59_V1,expAP59006,expAPxx006
gip,GIP_W59_V1,AP59006,APxx006
gip,GIP_W59_V1,AP59003_5_7,APxx003_5_7
gip,GIP_W59_V1,AP59003_5_7_na,APxx003_5_7_na
gip,GIP_W59_V1,AP59008,APxx008
gip,GIP_W59_V1,AP59009_a,APxx009_a
gip,GIP_W59_V1,AP59009_b,APxx009_b
gip,GIP_W59_V1,AP59009_c,APxx009_c
gip,GIP_W59_V1,AP59009_d,APxx009_d
gip,GIP_W59_V1,AP59009_e,APxx009_e
gip,GIP_W59_V1,BL59023,BLxx023
gip,GIP_W59_V1,BL59024,BLxx024
gip,GIP_W59_V1,BL59025,BLxx025
gip,GIP_W59_V1,BL59026,BLxx026
gip,GIP_W59_V1,expCP59001,expCPxx001
gip,GIP_W59_V1,rndCP59001,rndCPxx001
gip,GIP_W59_V1,CP59001,CPxx001
gip,GIP_W59_V1,rndCP59002,rndCPxx002
gip,GIP_W59_V1,CP59002,CPxx002
gip,GIP_W59_V1,expCP59003,expCPxx003
gip,GIP_W59_V1,rndCP59003,rndCPxx003
gip,GIP_W59_V1,CP59003,CPxx003
gip,GIP_W59_V1,rndCP59004,rndCPxx004
gip,GIP_W59_V1,CP59004,CPxx004
gip,GIP_W59_V1,CP59006,CPxx006
gip,GIP_W59_V1,CP59007,CPxx007
gip,GIP_W59_V1,CP59008,CPxx008
gip,GIP_W59_V1,CP59009,CPxx009
gip,GIP_W59_V1,CP59010,CPxx010
gip,GIP_W59_V1,CP59005_a,CPxx005_a
gip,GIP_W59_V1,CP59005_b,CPxx005_b
gip,GIP_W59_V1,CP59005_c,CPxx005_c
gip,GIP_W59_V1,ZJ59056,ZJxx056
gip,GIP_W59_V1,ZJ59057,ZJxx057
gip,GIP_W59_V1,ZJ59066,ZJxx066
gip,GIP_W59_V1,ZJ59067,ZJxx067
gip,GIP_W59_V1,ZJ59068,ZJxx068
gip,GIP_W59_V1,QE59001,QExx001
gip,GIP_W59_V1,QE59002,QExx002
gip,GIP_W59_V1,QE59003,QExx003
gip,GIP_W59_V1,QE59004,QExx004
gip,GIP_W59_V1,QE59005,QExx005
gip,GIP_W59_V1,QE59006,QExx006
gip,GIP_W59_V1,QE59007,QExx007
gip,GIP_W59_V1,QE59008_TXT_na,QExx008_TXT_na
gip,GIP_W60_V1,id_g,id_g
gip,GIP_W60_V1,hhid_g,hhid_g
gip,GIP_W60_V1,pid,pid
gip,GIP_W60_V1,gender_20,gender_20
gip,GIP_W60_V1,year_of_birth_cat_20,year_of_birth_cat_20
gip,GIP_W60_V1,educ_school_21,educ_school_21
gip,GIP_W60_V1,educ_job_21,educ_job_21
gip,GIP_W60_V1,marital_status_21,marital_status_21
gip,GIP_W60_V1,number_hh_members_21,number_hh_members_21
gip,GIP_W60_V1,occupation_21,occupation_21
gip,GIP_W60_V1,german_citizenship_21,german_citizenship_21
gip,GIP_W60_V1,internet_usage_20,internet_usage_20
gip,GIP_W60_V1,state_21,state_21
gip,GIP_W60_V1,sample,sample
gip,GIP_W60_V1,dDatum,dDatum
gip,GIP_W60_V1,online_status_wave,online_status_wave
gip,GIP_W60_V1,expCP60001,expCPxx001
gip,GIP_W60_V1,rndCP60001,rndCPxx001
gip,GIP_W60_V1,CP60001,CPxx001
gip,GIP_W60_V1,rndCP60002,rndCPxx002
gip,GIP_W60_V1,CP60002,CPxx002
gip,GIP_W60_V1,expCP60003,expCPxx003
gip,GIP_W60_V1,rndCP60003,rndCPxx003
gip,GIP_W60_V1,CP60003,CPxx003
gip,GIP_W60_V1,rndCP60004,rndCPxx004
gip,GIP_W60_V1,CP60004,CPxx004
gip,GIP_W60_V1,CP60006,CPxx006
gip,GIP_W60_V1,CP60007,CPxx007
gip,GIP_W60_V1,CP60008,CPxx008
gip,GIP_W60_V1,CP60009,CPxx009
gip,GIP_W60_V1,CP60010,CPxx010
gip,GIP_W60_V1,CP60005_a,CPxx005_a
gip,GIP_W60_V1,CP60005_b,CPxx005_b
gip,GIP_W60_V1,CP60005_c,CPxx005_c
gip,GIP_W60_V1,expCP60011,expCPxx011
gip,GIP_W60_V1,CP60011,CPxx011
gip,GIP_W60_V1,expCP60012,expCPxx012
gip,GIP_W60_V1,CP60012,CPxx012
gip,GIP_W60_V1,expEA60001,expEAxx001
gip,GIP_W60_V1,EA60001,EAxx001
gip,GIP_W60_V1,EA60002,EAxx002
gip,GIP_W60_V1,rndEA60003,rndEAxx003
gip,GIP_W60_V1,EA60003,EAxx003
gip,GIP_W60_V1,EA60004,EAxx004
gip,GIP_W60_V1,rndEA60005,rndEAxx005
gip,GIP_W60_V1,EA60005,EAxx005
gip,GIP_W60_V1,expEA60006,expEAxx006
gip,GIP_W60_V1,EA60006,EAxx006
gip,GIP_W60_V1,EA60007,EAxx007
gip,GIP_W60_V1,EA60008,EAxx008
gip,GIP_W60_V1,EA60009,EAxx009
gip,GIP_W60_V1,rndEA60010,rndEAxx010
gip,GIP_W60_V1,EA60010_a,EAxx010_a
gip,GIP_W60_V1,EA60010_b,EAxx010_b
gip,GIP_W60_V1,EA60010_c,EAxx010_c
gip,GIP_W60_V1,EA60010_d,EAxx010_d
gip,GIP_W60_V1,EA60010_e,EAxx010_e
gip,GIP_W60_V1,EA60010_f,EAxx010_f
gip,GIP_W60_V1,EA60010_g,EAxx010_g
gip,GIP_W60_V1,EA60010_h,EAxx010_h
gip,GIP_W60_V1,EA60010_i,EAxx010_i
gip,GIP_W60_V1,EA60010_j,EAxx010_j
gip,GIP_W60_V1,BL60027,BLxx027
gip,GIP_W60_V1,BL60028,BLxx028
gip,GIP_W60_V1,BL60029,BLxx029
gip,GIP_W60_V1,BL60030,BLxx030
gip,GIP_W60_V1,AP60010_a,APxx010_a
gip,GIP_W60_V1,AP60010_b,APxx010_b
gip,GIP_W60_V1,AP60010_c,APxx010_c
gip,GIP_W60_V1,AP60010_d,APxx010_d
gip,GIP_W60_V1,AP60010_e,APxx010_e
gip,GIP_W60_V1,AP60010_f,APxx010_f
gip,GIP_W60_V1,AP60010_g,APxx010_g
gip,GIP_W60_V1,AP60010_h,APxx010_h
gip,GIP_W60_V1,AP60010_i,APxx010_i
gip,GIP_W60_V1,AP60011,APxx011
gip,GIP_W60_V1,AP60012,APxx012
gip,GIP_W60_V1,AP60013,APxx013
gip,GIP_W60_V1,AP60014,APxx014
gip,GIP_W60_V1,AP60015,APxx015
gip,GIP_W60_V1,rndAP60016a,rndAPxx016a
gip,GIP_W60_V1,expAP60016,expAPxx016
gip,GIP_W60_V1,rndAP60016b,rndAPxx016b
gip,GIP_W60_V1,AP60016,APxx016
gip,GIP_W60_V1,expAP60018,expAPxx018
gip,GIP_W60_V1,AP60018,APxx018
gip,GIP_W60_V1,expAP60020b,expAPxx020b
gip,GIP_W60_V1,expAP60020a,expAPxx020a
gip,GIP_W60_V1,AP60020,APxx020
gip,GIP_W60_V1,expAP60022,expAPxx022
gip,GIP_W60_V1,AP60022,APxx022
gip,GIP_W60_V1,expAP60024,expAPxx024
gip,GIP_W60_V1,AP60024,APxx024
gip,GIP_W60_V1,AP60026,APxx026
gip,GIP_W60_V1,AP60028,APxx028
gip,GIP_W60_V1,AP60030,APxx030
gip,GIP_W60_V1,AP60032,APxx032
gip,GIP_W60_V1,AP60034,APxx034
gip,GIP_W60_V1,expAP60036,expAPxx036
gip,GIP_W60_V1,AP60036,APxx036
gip,GIP_W60_V1,AP60037,APxx037
gip,GIP_W60_V1,AP60038,APxx038
gip,GIP_W60_V1,AP60039,APxx039
gip,GIP_W60_V1,AP60040_1,APxx040_1
gip,GIP_W60_V1,rndAP60040,rndAPxx040
gip,GIP_W60_V1,AP60040,APxx040
gip,GIP_W60_V1,AP60041,APxx041
gip,GIP_W60_V1,AP60042,APxx042
gip,GIP_W60_V1,AP60043,APxx043
gip,GIP_W60_V1,AP60044,APxx044
gip,GIP_W60_V1,QE60001,QExx001
gip,GIP_W60_V1,QE60002,QExx002
gip,GIP_W60_V1,QE60003,QExx003
gip,GIP_W60_V1,QE60004,QExx004
gip,GIP_W60_V1,QE60005,QExx005
gip,GIP_W60_V1,QE60006,QExx006
gip,GIP_W60_V1,QE60007,QExx007
gip,GIP_W60_V1,QE60008_TXT_na,QExx008_TXT_na
gip,GIP_W61_V1,id_g,id_g
gip,GIP_W61_V1,hhid_g,hhid_g
gip,GIP_W61_V1,pid,pid
gip,GIP_W61_V1,gender_22,gender_22
gip,GIP_W61_V1,year_of_birth_cat_22,year_of_birth_cat_22
gip,GIP_W61_V1,educ_school_22,educ_school_22
gip,GIP_W61_V1,educ_job_22,educ_job_22
gip,GIP_W61_V1,marital_status_22,marital_status_22
gip,GIP_W61_V1,number_hh_members_22,number_hh_members_22
gip,GIP_W61_V1,occupation_22,occupation_22
gip,GIP_W61_V1,german_citizenship_22,german_citizenship_22
gip,GIP_W61_V1,internet_usage_22,internet_usage_22
gip,GIP_W61_V1,state_22,state_22
gip,GIP_W61_V1,hh_income_22,hh_income_22
gip,GIP_W61_V1,sample,sample
gip,GIP_W61_V1,dDatum,dDatum
gip,GIP_W61_V1,online_status_wave,online_status_wave
gip,GIP_W61_V1,AA61401,AAxx401
gip,GIP_W61_V1,AA61402,AAxx402
gip,GIP_W61_V1,AA61403,AAxx403
gip,GIP_W61_V1,AA61404,AAxx404
gip,GIP_W61_V1,AA61405_NA,AAxx405_NA
gip,GIP_W61_V1,AA61406_NA,AAxx406_NA
gip,GIP_W61_V1,AA61408,AAxx408
gip,GIP_W61_V1,AA61408_NA,AAxx408_NA
gip,GIP_W61_V1,AA61400_TXT_NA,AAxx400_TXT_NA
gip,GIP_W61_V1,AA61409,AAxx409
gip,GIP_W61_V1,AA61410_NA,AAxx410_NA
gip,GIP_W61_V1,AA61210,AAxx210
gip,GIP_W61_V1,AA61411,AAxx411
gip,GIP_W61_V1,AA61412_NA,AAxx412_NA
gip,GIP_W61_V1,AA61211,AAxx211
gip,GIP_W61_V1,AA61307,AAxx307
gip,GIP_W61_V1,AA61004,AAxx004
gip,GIP_W61_V1,AA61057,AAxx057
gip,GIP_W61_V1,AA61413a,AAxx413a
gip,GIP_W61_V1,AA61414a,AAxx414a
gip,GIP_W61_V1,AA61415a,AAxx415a
gip,GIP_W61_V1,AA61413b,AAxx413b
gip,GIP_W61_V1,AA61414b,AAxx414b
gip,GIP_W61_V1,AA61415b,AAxx415b
gip,GIP_W61_V1,AA61413c,AAxx413c
gip,GIP_W61_V1,AA61414c,AAxx414c
gip,GIP_W61_V1,AA61415c,AAxx415c
gip,GIP_W61_V1,AA61413d,AAxx413d
gip,GIP_W61_V1,AA61414d,AAxx414d
gip,GIP_W61_V1,AA61415d,AAxx415d
gip,GIP_W61_V1,AA61430,AAxx430
gip,GIP_W61_V1,AA61303,AAxx303
gip,GIP_W61_V1,AA61305,AAxx305
gip,GIP_W61_V1,AA61450_a,AAxx450_a
gip,GIP_W61_V1,AA61450_b,AAxx450_b
gip,GIP_W61_V1,AA61450_c,AAxx450_c
gip,GIP_W61_V1,AA61450_d,AAxx450_d
gip,GIP_W61_V1,AA61450_e,AAxx450_e
gip,GIP_W61_V1,AA61450_f,AAxx450_f
gip,GIP_W61_V1,AA61450_g,AAxx450_g
gip,GIP_W61_V1,AA61450_h,AAxx450_h
gip,GIP_W61_V1,AA61450_i,AAxx450_i
gip,GIP_W61_V1,AA61450_j,AAxx450_j
gip,GIP_W61_V1,AA61450_k,AAxx450_k
gip,GIP_W61_V1,AA61450_l,AAxx450_l
gip,GIP_W61_V1,AA61450_m,AAxx450_m
gip,GIP_W61_V1,AA61450_n,AAxx450_n
gip,GIP_W61_V1,AA61450_o,AAxx450_o
gip,GIP_W61_V1,AA61450_p,AAxx450_p
gip,GIP_W61_V1,AA61450_q,AAxx450_q
gip,GIP_W61_V1,AA61451,AAxx451
gip,GIP_W61_V1,AA61006,AAxx006
gip,GIP_W61_V1,AA61452,AAxx452
gip,GIP_W61_V1,AA61466,AAxx466
gip,GIP_W61_V1,AA61466_1,AAxx466_1
gip,GIP_W61_V1,AA61467,AAxx467
gip,GIP_W61_V1,AA61468,AAxx468
gip,GIP_W61_V1,AA61453,AAxx453
gip,GIP_W61_V1,AA61454,AAxx454
gip,GIP_W61_V1,AA61455,AAxx455
gip,GIP_W61_V1,AA61456,AAxx456
gip,GIP_W61_V1,AA61457,AAxx457
gip,GIP_W61_V1,AA61458,AAxx458
gip,GIP_W61_V1,AA61427,AAxx427
gip,GIP_W61_V1,AA61428,AAxx428
gip,GIP_W61_V1,AA61429,AAxx429
gip,GIP_W61_V1,AA61309,AAxx309
gip,GIP_W61_V1,AA61440,AAxx440
gip,GIP_W61_V1,rotAA61023,rotAAxx023
gip,GIP_W61_V1,AA61023,AAxx023
gip,GIP_W61_V1,AA61024,AAxx024
gip,GIP_W61_V1,AA61025,AAxx025
gip,GIP_W61_V1,AA61026,AAxx026
gip,GIP_W61_V1,rotAA61027,rotAAxx027
gip,GIP_W61_V1,AA61027,AAxx027
gip,GIP_W61_V1,AA61028,AAxx028
gip,GIP_W61_V1,AA61029,AAxx029
gip,GIP_W61_V1,AA61030,AAxx030
gip,GIP_W61_V1,AA61031,AAxx031
gip,GIP_W61_V1,AA61032,AAxx032
gip,GIP_W61_V1,AA61033,AAxx033
gip,GIP_W61_V1,AA61034,AAxx034
gip,GIP_W61_V1,AA61035,AAxx035
gip,GIP_W61_V1,AA61040a,AAxx040a
gip,GIP_W61_V1,rndAA61041A10,rndAAxx041A10
gip,GIP_W61_V1,AA61041a10,AAxx041a10
gip,GIP_W61_V1,AA61041a3,AAxx041a3
gip,GIP_W61_V1,AA61041a4,AAxx041a4
gip,GIP_W61_V1,AA61041a5,AAxx041a5
gip,GIP_W61_V1,AA61041a6,AAxx041a6
gip,GIP_W61_V1,AA61041a9,AAxx041a9
gip,GIP_W61_V1,AA61042,AAxx042
gip,GIP_W61_V1,AA61043,AAxx043
gip,GIP_W61_V1,AA61054,AAxx054
gip,GIP_W61_V1,AA61055,AAxx055
gip,GIP_W61_V1,AA61465,AAxx465
gip,GIP_W61_V1,AA61056,AAxx056
gip,GIP_W61_V1,AA61038,AAxx038
gip,GIP_W61_V1,expCP61001,expCPxx001
gip,GIP_W61_V1,rndCP61001,rndCPxx001
gip,GIP_W61_V1,CP61001,CPxx001
gip,GIP_W61_V1,rndCP61002,rndCPxx002
gip,GIP_W61_V1,CP61002,CPxx002
gip,GIP_W61_V1,expCP61003,expCPxx003
gip,GIP_W61_V1,rndCP61003,rndCPxx003
gip,GIP_W61_V1,CP61003,CPxx003
gip,GIP_W61_V1,rndCP61004,rndCPxx004
gip,GIP_W61_V1,CP61004,CPxx004
gip,GIP_W61_V1,CP61006,CPxx006
gip,GIP_W61_V1,CP61007,CPxx007
gip,GIP_W61_V1,CP61008,CPxx008
gip,GIP_W61_V1,CP61009,CPxx009
gip,GIP_W61_V1,CP61010,CPxx010
gip,GIP_W61_V1,CP61005_a,CPxx005_a
gip,GIP_W61_V1,CP61005_b,CPxx005_b
gip,GIP_W61_V1,CP61005_c,CPxx005_c
gip,GIP_W61_V1,QE61001,QExx001
gip,GIP_W61_V1,QE61002,QExx002
gip,GIP_W61_V1,QE61003,QExx003
gip,GIP_W61_V1,QE61004,QExx004
gip,GIP_W61_V1,QE61005,QExx005
gip,GIP_W61_V1,QE61006,QExx006
gip,GIP_W61_V1,QE61007,QExx007
gip,GIP_W61_V1,QE61008_TXT_na,QExx008_TXT_na
gip,GIP_W62_V1,id_g,id_g
gip,GIP_W62_V1,hhid_g,hhid_g
gip,GIP_W62_V1,pid,pid
gip,GIP_W62_V1,gender_22,gender_22
gip,GIP_W62_V1,year_of_birth_cat_22,year_of_birth_cat_22
gip,GIP_W62_V1,educ_school_22,educ_school_22
gip,GIP_W62_V1,educ_job_22,educ_job_22
gip,GIP_W62_V1,marital_status_22,marital_status_22
gip,GIP_W62_V1,number_hh_members_22,number_hh_members_22
gip,GIP_W62_V1,occupation_22,occupation_22
gip,GIP_W62_V1,german_citizenship_22,german_citizenship_22
gip,GIP_W62_V1,internet_usage_22,internet_usage_22
gip,GIP_W62_V1,state_22,state_22
gip,GIP_W62_V1,sample,sample
gip,GIP_W62_V1,dDatum,dDatum
gip,GIP_W62_V1,online_status_wave,online_status_wave
gip,GIP_W62_V1,EA62011,EAxx011
gip,GIP_W62_V1,expEA62012,expEAxx012
gip,GIP_W62_V1,EA62012,EAxx012
gip,GIP_W62_V1,EA62013,EAxx013
gip,GIP_W62_V1,EA62014,EAxx014
gip,GIP_W62_V1,EA62015_a,EAxx015_a
gip,GIP_W62_V1,EA62015_b,EAxx015_b
gip,GIP_W62_V1,EA62015_c,EAxx015_c
gip,GIP_W62_V1,EA62015_d,EAxx015_d
gip,GIP_W62_V1,EA62016,EAxx016
gip,GIP_W62_V1,EA62017,EAxx017
gip,GIP_W62_V1,EB62001_a,EBxx001_a
gip,GIP_W62_V1,EB62001_b,EBxx001_b
gip,GIP_W62_V1,EB62001_c,EBxx001_c
gip,GIP_W62_V1,EB62001_d,EBxx001_d
gip,GIP_W62_V1,EB62001_e,EBxx001_e
gip,GIP_W62_V1,EB62001_f,EBxx001_f
gip,GIP_W62_V1,EB62001_g,EBxx001_g
gip,GIP_W62_V1,EB62001_h,EBxx001_h
gip,GIP_W62_V1,EB62001_i,EBxx001_i
gip,GIP_W62_V1,EB62001_j,EBxx001_j
gip,GIP_W62_V1,EB62002,EBxx002
gip,GIP_W62_V1,EB62003,EBxx003
gip,GIP_W62_V1,EB62004,EBxx004
gip,GIP_W62_V1,EB62005,EBxx005
gip,GIP_W62_V1,EB62006,EBxx006
gip,GIP_W62_V1,EB62008,EBxx008
gip,GIP_W62_V1,EB62009,EBxx009
gip,GIP_W62_V1,AR62001_a,ARxx001_a
gip,GIP_W62_V1,AR62001_b,ARxx001_b
gip,GIP_W62_V1,AR62001_c,ARxx001_c
gip,GIP_W62_V1,AR62001_d,ARxx001_d
gip,GIP_W62_V1,AR62001_e,ARxx001_e
gip,GIP_W62_V1,AR62001_1,ARxx001_1
gip,GIP_W62_V1,AR62001_2,ARxx001_2
gip,GIP_W62_V1,AR62002,ARxx002
gip,GIP_W62_V1,AR62003,ARxx003
gip,GIP_W62_V1,AR62004,ARxx004
gip,GIP_W62_V1,AR62004_1,ARxx004_1
gip,GIP_W62_V1,AR62004_2,ARxx004_2
gip,GIP_W62_V1,AR62005,ARxx005
gip,GIP_W62_V1,ZJ62063_1,ZJxx063_1
gip,GIP_W62_V1,ZJ62063_2,ZJxx063_2
gip,GIP_W62_V1,ZJ62063_3,ZJxx063_3
gip,GIP_W62_V1,ZJ62063_4,ZJxx063_4
gip,GIP_W62_V1,ZJ62063_5,ZJxx063_5
gip,GIP_W62_V1,ZJ62063_6,ZJxx063_6
gip,GIP_W62_V1,AR62006,ARxx006
gip,GIP_W62_V1,ZJ62061_1,ZJxx061_1
gip,GIP_W62_V1,ZJ62061_2,ZJxx061_2
gip,GIP_W62_V1,AR62007_1,ARxx007_1
gip,GIP_W62_V1,AR62007_2,ARxx007_2
gip,GIP_W62_V1,ZJ62062,ZJxx062
gip,GIP_W62_V1,AR62008,ARxx008
gip,GIP_W62_V1,AR62009,ARxx009
gip,GIP_W62_V1,AR62010,ARxx010
gip,GIP_W62_V1,AR62011,ARxx011
gip,GIP_W62_V1,AR62012,ARxx012
gip,GIP_W62_V1,AR62013,ARxx013
gip,GIP_W62_V1,AR62014,ARxx014
gip,GIP_W62_V1,AR62015,ARxx015
gip,GIP_W62_V1,ZJ62056,ZJxx056
gip,GIP_W62_V1,ZJ62057,ZJxx057
gip,GIP_W62_V1,ZJ62058,ZJxx058
gip,GIP_W62_V1,ZJ62059,ZJxx059
gip,GIP_W62_V1,ZJ62060,ZJxx060
gip,GIP_W62_V1,ZH62002,ZHxx002
gip,GIP_W62_V1,AR62016,ARxx016
gip,GIP_W62_V1,expAR62017,expARxx017
gip,GIP_W62_V1,AR62017,ARxx017
gip,GIP_W62_V1,AR62018,ARxx018
gip,GIP_W62_V1,AR62019,ARxx019
gip,GIP_W62_V1,expAR62020,expARxx020
gip,GIP_W62_V1,AR62020,ARxx020
gip,GIP_W62_V1,AR62021,ARxx021
gip,GIP_W62_V1,QE62001,QExx001
gip,GIP_W62_V1,QE62002,QExx002
gip,GIP_W62_V1,QE62003,QExx003
gip,GIP_W62_V1,QE62004,QExx004
gip,GIP_W62_V1,QE62005,QExx005
gip,GIP_W62_V1,QE62006,QExx006
gip,GIP_W62_V1,QE62007,QExx007
gip,GIP_W62_V1,QE62008_TXT_na,QExx008_TXT_na
gip,GIP_W63_V1,id_g,id_g
gip,GIP_W63_V1,hhid_g,hhid_g
gip,GIP_W63_V1,pid,pid
gip,GIP_W63_V1,gender_22,gender_22
gip,GIP_W63_V1,year_of_birth_cat_22,year_of_birth_cat_22
gip,GIP_W63_V1,educ_school_22,educ_school_22
gip,GIP_W63_V1,educ_job_22,educ_job_22
gip,GIP_W63_V1,marital_status_22,marital_status_22
gip,GIP_W63_V1,number_hh_members_22,number_hh_members_22
gip,GIP_W63_V1,occupation_22,occupation_22
gip,GIP_W63_V1,german_citizenship_22,german_citizenship_22
gip,GIP_W63_V1,internet_usage_22,internet_usage_22
gip,GIP_W63_V1,state_22,state_22
gip,GIP_W63_V1,sample,sample
gip,GIP_W63_V1,dDatum,dDatum
gip,GIP_W63_V1,online_status_wave,online_status_wave
gip,GIP_W63_V1,EB63010,EBxx010
gip,GIP_W63_V1,EB63011,EBxx011
gip,GIP_W63_V1,EB63012,EBxx012
gip,GIP_W63_V1,EB63013,EBxx013
gip,GIP_W63_V1,EB63014,EBxx014
gip,GIP_W63_V1,EB63015,EBxx015
gip,GIP_W63_V1,EB63016,EBxx016
gip,GIP_W63_V1,EB63017,EBxx017
gip,GIP_W63_V1,EB63018,EBxx018
gip,GIP_W63_V1,EB63019,EBxx019
gip,GIP_W63_V1,EB63021_a,EBxx021_a
gip,GIP_W63_V1,EB63021_b,EBxx021_b
gip,GIP_W63_V1,EB63021_c,EBxx021_c
gip,GIP_W63_V1,EB63021_d,EBxx021_d
gip,GIP_W63_V1,EB63021_e,EBxx021_e
gip,GIP_W63_V1,EB63021_f,EBxx021_f
gip,GIP_W63_V1,EB63021_g,EBxx021_g
gip,GIP_W63_V1,EB63021_h,EBxx021_h
gip,GIP_W63_V1,EB63021_i,EBxx021_i
gip,GIP_W63_V1,EB63021_j,EBxx021_j
gip,GIP_W63_V1,EB63021_k,EBxx021_k
gip,GIP_W63_V1,EB63022_a,EBxx022_a
gip,GIP_W63_V1,EB63022_b,EBxx022_b
gip,GIP_W63_V1,EB63022_c,EBxx022_c
gip,GIP_W63_V1,EB63022_d,EBxx022_d
gip,GIP_W63_V1,EB63022_e,EBxx022_e
gip,GIP_W63_V1,EB63022_f,EBxx022_f
gip,GIP_W63_V1,EB63022_g,EBxx022_g
gip,GIP_W63_V1,EB63022_h,EBxx022_h
gip,GIP_W63_V1,EB63022_i,EBxx022_i
gip,GIP_W63_V1,EB63022_j,EBxx022_j
gip,GIP_W63_V1,EB63022_k,EBxx022_k
gip,GIP_W63_V1,expCN63037,expCNxx037
gip,GIP_W63_V1,rndCN63037,rndCNxx037
gip,GIP_W63_V1,CN63037,CNxx037
gip,GIP_W63_V1,CN63038,CNxx038
gip,GIP_W63_V1,CN63039,CNxx039
gip,GIP_W63_V1,CN63040,CNxx040
gip,GIP_W63_V1,CN63041,CNxx041
gip,GIP_W63_V1,CN63042,CNxx042
gip,GIP_W63_V1,expDZ63006,expDZxx006
gip,GIP_W63_V1,DZ63006,DZxx006
gip,GIP_W63_V1,QE63001,QExx001
gip,GIP_W63_V1,QE63002,QExx002
gip,GIP_W63_V1,QE63003,QExx003
gip,GIP_W63_V1,QE63004,QExx004
gip,GIP_W63_V1,QE63005,QExx005
gip,GIP_W63_V1,QE63006,QExx006
gip,GIP_W63_V1,QE63007,QExx007
gip,GIP_W63_V1,QE63008_TXT_na,QExx008_TXT_na
gip,GIP_W64_V1,id_g,id_g
gip,GIP_W64_V1,hhid_g,hhid_g
gip,GIP_W64_V1,pid,pid
gip,GIP_W64_V1,gender_22,gender_22
gip,GIP_W64_V1,year_of_birth_cat_22,year_of_birth_cat_22
gip,GIP_W64_V1,educ_school_22,educ_school_22
gip,GIP_W64_V1,educ_job_22,educ_job_22
gip,GIP_W64_V1,marital_status_22,marital_status_22
gip,GIP_W64_V1,number_hh_members_22,number_hh_members_22
gip,GIP_W64_V1,occupation_22,occupation_22
gip,GIP_W64_V1,german_citizenship_22,german_citizenship_22
gip,GIP_W64_V1,internet_usage_22,internet_usage_22
gip,GIP_W64_V1,state_22,state_22
gip,GIP_W64_V1,sample,sample
gip,GIP_W64_V1,dDatum,dDatum
gip,GIP_W64_V1,online_status_wave,online_status_wave
gip,GIP_W64_V1,AM64004,AMxx004
gip,GIP_W64_V1,AM64012,AMxx012
gip,GIP_W64_V1,AM64013,AMxx013
gip,GIP_W64_V1,AM64014,AMxx014
gip,GIP_W64_V1,AM64015,AMxx015
gip,GIP_W64_V1,AM64016,AMxx016
gip,GIP_W64_V1,AM64017_a,AMxx017_a
gip,GIP_W64_V1,AM64017_b,AMxx017_b
gip,GIP_W64_V1,AM64017_c,AMxx017_c
gip,GIP_W64_V1,AM64017_d,AMxx017_d
gip,GIP_W64_V1,AM64017_e,AMxx017_e
gip,GIP_W64_V1,AM64017_f,AMxx017_f
gip,GIP_W64_V1,AM64017_g,AMxx017_g
gip,GIP_W64_V1,AM64017_h,AMxx017_h
gip,GIP_W64_V1,AM64017_i,AMxx017_i
gip,GIP_W64_V1,AM64017_j,AMxx017_j
gip,GIP_W64_V1,AM64017_k,AMxx017_k
gip,GIP_W64_V1,AM64017_l,AMxx017_l
gip,GIP_W64_V1,AM64017_m,AMxx017_m
gip,GIP_W64_V1,AM64017_n,AMxx017_n
gip,GIP_W64_V1,AM64017_o,AMxx017_o
gip,GIP_W64_V1,AM64017_p,AMxx017_p
gip,GIP_W64_V1,AM64017_q,AMxx017_q
gip,GIP_W64_V1,AM64017_r,AMxx017_r
gip,GIP_W64_V1,AJ64030,AJxx030
gip,GIP_W64_V1,AJ64031,AJxx031
gip,GIP_W64_V1,AJ64032,AJxx032
gip,GIP_W64_V1,AJ64004,AJxx004
gip,GIP_W64_V1,AJ64005,AJxx005
gip,GIP_W64_V1,AJ64033,AJxx033
gip,GIP_W64_V1,AJ64034,AJxx034
gip,GIP_W64_V1,AJ64035,AJxx035
gip,GIP_W64_V1,AJ64036,AJxx036
gip,GIP_W64_V1,AJ64037,AJxx037
gip,GIP_W64_V1,AJ64144,AJxx144
gip,GIP_W64_V1,AJ64145,AJxx145
gip,GIP_W64_V1,AJ64146,AJxx146
gip,GIP_W64_V1,AJ64038,AJxx038
gip,GIP_W64_V1,AJ64039,AJxx039
gip,GIP_W64_V1,AJ64040,AJxx040
gip,GIP_W64_V1,AJ64041,AJxx041
gip,GIP_W64_V1,AJ64042,AJxx042
gip,GIP_W64_V1,AJ64147,AJxx147
gip,GIP_W64_V1,AJ64148,AJxx148
gip,GIP_W64_V1,DZ64012,DZxx012
gip,GIP_W64_V1,DZ64013,DZxx013
gip,GIP_W64_V1,DZ64014,DZxx014
gip,GIP_W64_V1,DZ64015,DZxx015
gip,GIP_W64_V1,DZ64016,DZxx016
gip,GIP_W64_V1,DZ64017,DZxx017
gip,GIP_W64_V1,DZ64018,DZxx018
gip,GIP_W64_V1,DZ64019,DZxx019
gip,GIP_W64_V1,DZ64020,DZxx020
gip,GIP_W64_V1,expDZ64007a,expDZxx007a
gip,GIP_W64_V1,expDZ64007b,expDZxx007b
gip,GIP_W64_V1,expDZ64007c,expDZxx007c
gip,GIP_W64_V1,expDZ64007d,expDZxx007d
gip,GIP_W64_V1,expDZ64007e,expDZxx007e
gip,GIP_W64_V1,expDZ64007f,expDZxx007f
gip,GIP_W64_V1,expDZ64007g,expDZxx007g
gip,GIP_W64_V1,DZ64007,DZxx007
gip,GIP_W64_V1,DZ64009,DZxx009
gip,GIP_W64_V1,DZ64010,DZxx010
gip,GIP_W64_V1,DZ64011_a,DZxx011_a
gip,GIP_W64_V1,DZ64011_b,DZxx011_b
gip,GIP_W64_V1,DZ64011_c,DZxx011_c
gip,GIP_W64_V1,DZ64011_d,DZxx011_d
gip,GIP_W64_V1,QE64001,QExx001
gip,GIP_W64_V1,QE64002,QExx002
gip,GIP_W64_V1,QE64003,QExx003
gip,GIP_W64_V1,QE64004,QExx004
gip,GIP_W64_V1,QE64005,QExx005
gip,GIP_W64_V1,QE64006,QExx006
gip,GIP_W64_V1,QE64007,QExx007
gip,GIP_W64_V1,QE64008_TXT_na,QExx008_TXT_na
gip,GIP_W65_V1,id_g,id_g
gip,GIP_W65_V1,hhid_g,hhid_g
gip,GIP_W65_V1,pid,pid
gip,GIP_W65_V1,gender_22,gender_22
gip,GIP_W65_V1,year_of_birth_cat_22,year_of_birth_cat_22
gip,GIP_W65_V1,educ_school_22,educ_school_22
gip,GIP_W65_V1,educ_job_22,educ_job_22
gip,GIP_W65_V1,marital_status_22,marital_status_22
gip,GIP_W65_V1,number_hh_members_22,number_hh_members_22
gip,GIP_W65_V1,occupation_22,occupation_22
gip,GIP_W65_V1,german_citizenship_22,german_citizenship_22
gip,GIP_W65_V1,internet_usage_22,internet_usage_22
gip,GIP_W65_V1,state_22,state_22
gip,GIP_W65_V1,sample,sample
gip,GIP_W65_V1,dDatum,dDatum
gip,GIP_W65_V1,online_status_wave,online_status_wave
gip,GIP_W65_V1,CP65021,CPxx021
gip,GIP_W65_V1,CP65022,CPxx022
gip,GIP_W65_V1,CP65023,CPxx023
gip,GIP_W65_V1,CP65024,CPxx024
gip,GIP_W65_V1,expCP65013,expCPxx013
gip,GIP_W65_V1,rndCP65013,rndCPxx013
gip,GIP_W65_V1,CP65013,CPxx013
gip,GIP_W65_V1,rndCP65014,rndCPxx014
gip,GIP_W65_V1,CP65014,CPxx014
gip,GIP_W65_V1,expCP65015,expCPxx015
gip,GIP_W65_V1,rndCP65015,rndCPxx015
gip,GIP_W65_V1,CP65015,CPxx015
gip,GIP_W65_V1,rndCP65004,rndCPxx004
gip,GIP_W65_V1,CP65004,CPxx004
gip,GIP_W65_V1,expCP65003,expCPxx003
gip,GIP_W65_V1,rndCP65003,rndCPxx003
gip,GIP_W65_V1,CP65003,CPxx003
gip,GIP_W65_V1,rndCP65002,rndCPxx002
gip,GIP_W65_V1,CP65002,CPxx002
gip,GIP_W65_V1,expCP65016,expCPxx016
gip,GIP_W65_V1,CP65016,CPxx016
gip,GIP_W65_V1,CP65017,CPxx017
gip,GIP_W65_V1,CP65018,CPxx018
gip,GIP_W65_V1,CP65019,CPxx019
gip,GIP_W65_V1,CP65020_a,CPxx020_a
gip,GIP_W65_V1,CP65020_b,CPxx020_b
gip,GIP_W65_V1,CP65020_c,CPxx020_c
gip,GIP_W65_V1,CP65020_d,CPxx020_d
gip,GIP_W65_V1,rndDZ65021,rndDZxx021
gip,GIP_W65_V1,DZ65021,DZxx021
gip,GIP_W65_V1,DZ65022,DZxx022
gip,GIP_W65_V1,DZ65023,DZxx023
gip,GIP_W65_V1,DZ65024,DZxx024
gip,GIP_W65_V1,DZ65025,DZxx025
gip,GIP_W65_V1,DZ65026,DZxx026
gip,GIP_W65_V1,DZ65027,DZxx027
gip,GIP_W65_V1,DZ65028,DZxx028
gip,GIP_W65_V1,DZ65029,DZxx029
gip,GIP_W65_V1,rndDZ65030,rndDZxx030
gip,GIP_W65_V1,DZ65030,DZxx030
gip,GIP_W65_V1,DZ65031,DZxx031
gip,GIP_W65_V1,DZ65032,DZxx032
gip,GIP_W65_V1,DZ65033,DZxx033
gip,GIP_W65_V1,DZ65034,DZxx034
gip,GIP_W65_V1,DZ65035,DZxx035
gip,GIP_W65_V1,DZ65036,DZxx036
gip,GIP_W65_V1,rndDZ65037,rndDZxx037
gip,GIP_W65_V1,DZ65037,DZxx037
gip,GIP_W65_V1,DZ65038,DZxx038
gip,GIP_W65_V1,DZ65039,DZxx039
gip,GIP_W65_V1,DZ65040,DZxx040
gip,GIP_W65_V1,DZ65041,DZxx041
gip,GIP_W65_V1,DZ65042,DZxx042
gip,GIP_W65_V1,DZ65043,DZxx043
gip,GIP_W65_V1,DZ65044,DZxx044
gip,GIP_W65_V1,DZ65045,DZxx045
gip,GIP_W65_V1,DZ65046,DZxx046
gip,GIP_W65_V1,DZ65047,DZxx047
gip,GIP_W65_V1,DZ65048,DZxx048
gip,GIP_W65_V1,QE65001,QExx001
gip,GIP_W65_V1,QE65002,QExx002
gip,GIP_W65_V1,QE65003,QExx003
gip,GIP_W65_V1,QE65004,QExx004
gip,GIP_W65_V1,QE65005,QExx005
gip,GIP_W65_V1,QE65006,QExx006
gip,GIP_W65_V1,QE65007,QExx007
gip,GIP_W65_V1,QE65008_TXT_na,QExx008_TXT_na
gip,GIP_W66_V1,id_g,id_g
gip,GIP_W66_V1,hhid_g,hhid_g
gip,GIP_W66_V1,pid,pid
gip,GIP_W66_V1,gender_22,gender_22
gip,GIP_W66_V1,year_of_birth_cat_22,year_of_birth_cat_22
gip,GIP_W66_V1,educ_school_22,educ_school_22
gip,GIP_W66_V1,educ_job_22,educ_job_22
gip,GIP_W66_V1,marital_status_22,marital_status_22
gip,GIP_W66_V1,number_hh_members_22,number_hh_members_22
gip,GIP_W66_V1,occupation_22,occupation_22
gip,GIP_W66_V1,german_citizenship_22,german_citizenship_22
gip,GIP_W66_V1,internet_usage_22,internet_usage_22
gip,GIP_W66_V1,state_22,state_22
gip,GIP_W66_V1,sample,sample
gip,GIP_W66_V1,dDatum,dDatum
gip,GIP_W66_V1,online_status_wave,online_status_wave
gip,GIP_W66_V1,RM66001,RMxx001
gip,GIP_W66_V1,RM66002_a,RMxx002_a
gip,GIP_W66_V1,RM66002_b,RMxx002_b
gip,GIP_W66_V1,RM66002_c,RMxx002_c
gip,GIP_W66_V1,RM66002_d,RMxx002_d
gip,GIP_W66_V1,RM66002_e,RMxx002_e
gip,GIP_W66_V1,RM66002_f,RMxx002_f
gip,GIP_W66_V1,RM66002_g,RMxx002_g
gip,GIP_W66_V1,RM66002_h,RMxx002_h
gip,GIP_W66_V1,RM66003,RMxx003
gip,GIP_W66_V1,RM66004,RMxx004
gip,GIP_W66_V1,RM66005_a,RMxx005_a
gip,GIP_W66_V1,RM66005_b,RMxx005_b
gip,GIP_W66_V1,RM66005_c,RMxx005_c
gip,GIP_W66_V1,RM66005_d,RMxx005_d
gip,GIP_W66_V1,RM66005_e,RMxx005_e
gip,GIP_W66_V1,RM66005_g,RMxx005_g
gip,GIP_W66_V1,RM66005_f,RMxx005_f
gip,GIP_W66_V1,RM66005_h,RMxx005_h
gip,GIP_W66_V1,RM66005_i,RMxx005_i
gip,GIP_W66_V1,RM66005_j,RMxx005_j
gip,GIP_W66_V1,RM66006,RMxx006
gip,GIP_W66_V1,RM66007,RMxx007
gip,GIP_W66_V1,expRM66008,expRMxx008
gip,GIP_W66_V1,RM66008,RMxx008
gip,GIP_W66_V1,RM66009,RMxx009
gip,GIP_W66_V1,RM66010,RMxx010
gip,GIP_W66_V1,RM66011,RMxx011
gip,GIP_W66_V1,RM66012,RMxx012
gip,GIP_W66_V1,RM66013,RMxx013
gip,GIP_W66_V1,RM66014,RMxx014
gip,GIP_W66_V1,RM66015,RMxx015
gip,GIP_W66_V1,RM66016,RMxx016
gip,GIP_W66_V1,CF66015,CFxx015
gip,GIP_W66_V1,RM66018,RMxx018
gip,GIP_W66_V1,RM66019,RMxx019
gip,GIP_W66_V1,RM66020_a,RMxx020_a
gip,GIP_W66_V1,RM66020_b,RMxx020_b
gip,GIP_W66_V1,RM66020_c,RMxx020_c
gip,GIP_W66_V1,RM66020_d,RMxx020_d
gip,GIP_W66_V1,RM66020_e,RMxx020_e
gip,GIP_W66_V1,RM66020_f,RMxx020_f
gip,GIP_W66_V1,RM66020_g,RMxx020_g
gip,GIP_W66_V1,RM66020_h,RMxx020_h
gip,GIP_W66_V1,RM66020_i,RMxx020_i
gip,GIP_W66_V1,RM66020_j,RMxx020_j
gip,GIP_W66_V1,RM66021_a,RMxx021_a
gip,GIP_W66_V1,RM66021_b,RMxx021_b
gip,GIP_W66_V1,RM66021_c,RMxx021_c
gip,GIP_W66_V1,RM66021_d,RMxx021_d
gip,GIP_W66_V1,RM66021_e,RMxx021_e
gip,GIP_W66_V1,RM66021_f,RMxx021_f
gip,GIP_W66_V1,RM66021_g,RMxx021_g
gip,GIP_W66_V1,RM66021_h,RMxx021_h
gip,GIP_W66_V1,RM66021_i,RMxx021_i
gip,GIP_W66_V1,RM66021_j,RMxx021_j
gip,GIP_W66_V1,RM66022_a,RMxx022_a
gip,GIP_W66_V1,RM66022_b,RMxx022_b
gip,GIP_W66_V1,RM66022_c,RMxx022_c
gip,GIP_W66_V1,RM66022_d,RMxx022_d
gip,GIP_W66_V1,RM66022_e,RMxx022_e
gip,GIP_W66_V1,RM66022_f,RMxx022_f
gip,GIP_W66_V1,RM66022_g,RMxx022_g
gip,GIP_W66_V1,RM66022_h,RMxx022_h
gip,GIP_W66_V1,RM66022_i,RMxx022_i
gip,GIP_W66_V1,RM66022_j,RMxx022_j
gip,GIP_W66_V1,RM66022_k,RMxx022_k
gip,GIP_W66_V1,RM66023,RMxx023
gip,GIP_W66_V1,RM66024,RMxx024
gip,GIP_W66_V1,expDZ66049,expDZxx049
gip,GIP_W66_V1,expDZ66050,expDZxx050
gip,GIP_W66_V1,DZ66050,DZxx050
gip,GIP_W66_V1,DZ66051,DZxx051
gip,GIP_W66_V1,DZ66052,DZxx052
gip,GIP_W66_V1,DZ66053,DZxx053
gip,GIP_W66_V1,DZ66054,DZxx054
gip,GIP_W66_V1,DZ66055,DZxx055
gip,GIP_W66_V1,expDZ66056,expDZxx056
gip,GIP_W66_V1,DZ66056,DZxx056
gip,GIP_W66_V1,DZ66057,DZxx057
gip,GIP_W66_V1,DZ66058,DZxx058
gip,GIP_W66_V1,DZ66059,DZxx059
gip,GIP_W66_V1,DZ66060,DZxx060
gip,GIP_W66_V1,DZ66061,DZxx061
gip,GIP_W66_V1,QE66001,QExx001
gip,GIP_W66_V1,QE66002,QExx002
gip,GIP_W66_V1,QE66003,QExx003
gip,GIP_W66_V1,QE66004,QExx004
gip,GIP_W66_V1,QE66005,QExx005
gip,GIP_W66_V1,QE66006,QExx006
gip,GIP_W66_V1,QE66007,QExx007
gip,GIP_W66_V1,QE66008_TXT_na,QExx008_TXT_na
gip,GIP_W67_V1,id_g,id_g
gip,GIP_W67_V1,hhid_g,hhid_g
gip,GIP_W67_V1,pid,pid
gip,GIP_W67_V1,gender_23,gender_23
gip,GIP_W67_V1,year_of_birth_cat_23,year_of_birth_cat_23
gip,GIP_W67_V1,educ_school_23,educ_school_23
gip,GIP_W67_V1,educ_job_23,educ_job_23
gip,GIP_W67_V1,marital_status_23,marital_status_23
gip,GIP_W67_V1,number_hh_members_23,number_hh_members_23
gip,GIP_W67_V1,occupation_23,occupation_23
gip,GIP_W67_V1,german_citizenship_23,german_citizenship_23
gip,GIP_W67_V1,internet_usage_23,internet_usage_23
gip,GIP_W67_V1,state_23,state_23
gip,GIP_W67_V1,sample,sample
gip,GIP_W67_V1,dDatum,dDatum
gip,GIP_W67_V1,online_status_wave,online_status_wave
gip,GIP_W67_V1,AA67401,AAxx401
gip,GIP_W67_V1,AA67402,AAxx402
gip,GIP_W67_V1,AA67403,AAxx403
gip,GIP_W67_V1,AA67404,AAxx404
gip,GIP_W67_V1,AA67405_NA,AAxx405_NA
gip,GIP_W67_V1,AA67406_NA,AAxx406_NA
gip,GIP_W67_V1,AA67408,AAxx408
gip,GIP_W67_V1,AA67408_NA,AAxx408_NA
gip,GIP_W67_V1,AA67400_TXT_NA,AAxx400_TXT_NA
gip,GIP_W67_V1,AA67409,AAxx409
gip,GIP_W67_V1,AA67410_NA,AAxx410_NA
gip,GIP_W67_V1,AA67210,AAxx210
gip,GIP_W67_V1,AA67411,AAxx411
gip,GIP_W67_V1,AA67412_NA,AAxx412_NA
gip,GIP_W67_V1,AA67211,AAxx211
gip,GIP_W67_V1,AA67307,AAxx307
gip,GIP_W67_V1,AA67004,AAxx004
gip,GIP_W67_V1,AA67057,AAxx057
gip,GIP_W67_V1,AA67413a,AAxx413a
gip,GIP_W67_V1,AA67414a,AAxx414a
gip,GIP_W67_V1,AA67415a,AAxx415a
gip,GIP_W67_V1,AA67413b,AAxx413b
gip,GIP_W67_V1,AA67414b,AAxx414b
gip,GIP_W67_V1,AA67415b,AAxx415b
gip,GIP_W67_V1,AA67413c,AAxx413c
gip,GIP_W67_V1,AA67414c,AAxx414c
gip,GIP_W67_V1,AA67415c,AAxx415c
gip,GIP_W67_V1,AA67413d,AAxx413d
gip,GIP_W67_V1,AA67414d,AAxx414d
gip,GIP_W67_V1,AA67415d,AAxx415d
gip,GIP_W67_V1,AA67430,AAxx430
gip,GIP_W67_V1,AA67303,AAxx303
gip,GIP_W67_V1,AA67305,AAxx305
gip,GIP_W67_V1,AA67450_a,AAxx450_a
gip,GIP_W67_V1,AA67450_b,AAxx450_b
gip,GIP_W67_V1,AA67450_c,AAxx450_c
gip,GIP_W67_V1,AA67450_d,AAxx450_d
gip,GIP_W67_V1,AA67450_e,AAxx450_e
gip,GIP_W67_V1,AA67450_f,AAxx450_f
gip,GIP_W67_V1,AA67450_g,AAxx450_g
gip,GIP_W67_V1,AA67450_h,AAxx450_h
gip,GIP_W67_V1,AA67450_i,AAxx450_i
gip,GIP_W67_V1,AA67450_j,AAxx450_j
gip,GIP_W67_V1,AA67450_k,AAxx450_k
gip,GIP_W67_V1,AA67450_l,AAxx450_l
gip,GIP_W67_V1,AA67450_m,AAxx450_m
gip,GIP_W67_V1,AA67450_n,AAxx450_n
gip,GIP_W67_V1,AA67450_o,AAxx450_o
gip,GIP_W67_V1,AA67450_p,AAxx450_p
gip,GIP_W67_V1,AA67450_q,AAxx450_q
gip,GIP_W67_V1,AA67451,AAxx451
gip,GIP_W67_V1,AA67006,AAxx006
gip,GIP_W67_V1,AA67452,AAxx452
gip,GIP_W67_V1,AA67466,AAxx466
gip,GIP_W67_V1,AA67466_1,AAxx466_1
gip,GIP_W67_V1,AA67467,AAxx467
gip,GIP_W67_V1,AA67468,AAxx468
gip,GIP_W67_V1,AA67453,AAxx453
gip,GIP_W67_V1,AA67454,AAxx454
gip,GIP_W67_V1,AA67455,AAxx455
gip,GIP_W67_V1,AA67456,AAxx456
gip,GIP_W67_V1,AA67457,AAxx457
gip,GIP_W67_V1,AA67458,AAxx458
gip,GIP_W67_V1,AA67427,AAxx427
gip,GIP_W67_V1,AA67428,AAxx428
gip,GIP_W67_V1,AA67429,AAxx429
gip,GIP_W67_V1,AA67309,AAxx309
gip,GIP_W67_V1,AA67440,AAxx440
gip,GIP_W67_V1,rotAA67023,rotAAxx023
gip,GIP_W67_V1,AA67023,AAxx023
gip,GIP_W67_V1,AA67024,AAxx024
gip,GIP_W67_V1,AA67025,AAxx025
gip,GIP_W67_V1,AA67026,AAxx026
gip,GIP_W67_V1,rotAA67027,rotAAxx027
gip,GIP_W67_V1,AA67027,AAxx027
gip,GIP_W67_V1,AA67028,AAxx028
gip,GIP_W67_V1,AA67029,AAxx029
gip,GIP_W67_V1,AA67030,AAxx030
gip,GIP_W67_V1,AA67031,AAxx031
gip,GIP_W67_V1,AA67032,AAxx032
gip,GIP_W67_V1,AA67033,AAxx033
gip,GIP_W67_V1,AA67034,AAxx034
gip,GIP_W67_V1,AA67035,AAxx035
gip,GIP_W67_V1,AA67040a,AAxx040a
gip,GIP_W67_V1,rndAA67041A10,rndAAxx041A10
gip,GIP_W67_V1,AA67041a10,AAxx041a10
gip,GIP_W67_V1,AA67041a3,AAxx041a3
gip,GIP_W67_V1,AA67041a4,AAxx041a4
gip,GIP_W67_V1,AA67041a5,AAxx041a5
gip,GIP_W67_V1,AA67041a6,AAxx041a6
gip,GIP_W67_V1,AA67041a9,AAxx041a9
gip,GIP_W67_V1,AA67042,AAxx042
gip,GIP_W67_V1,AA67043,AAxx043
gip,GIP_W67_V1,AA67054,AAxx054
gip,GIP_W67_V1,AA67055,AAxx055
gip,GIP_W67_V1,AA67465,AAxx465
gip,GIP_W67_V1,AA67056,AAxx056
gip,GIP_W67_V1,AA67038,AAxx038
gip,GIP_W67_V1,expCP67001,expCPxx001
gip,GIP_W67_V1,rndCP67001,rndCPxx001
gip,GIP_W67_V1,CP67001,CPxx001
gip,GIP_W67_V1,rndCP67002,rndCPxx002
gip,GIP_W67_V1,CP67002,CPxx002
gip,GIP_W67_V1,expCP67003,expCPxx003
gip,GIP_W67_V1,rndCP67003,rndCPxx003
gip,GIP_W67_V1,CP67003,CPxx003
gip,GIP_W67_V1,rndCP67004,rndCPxx004
gip,GIP_W67_V1,CP67004,CPxx004
gip,GIP_W67_V1,CP67006,CPxx006
gip,GIP_W67_V1,CP67007,CPxx007
gip,GIP_W67_V1,CP67008,CPxx008
gip,GIP_W67_V1,CP67009,CPxx009
gip,GIP_W67_V1,CP67010,CPxx010
gip,GIP_W67_V1,CP67005_a,CPxx005_a
gip,GIP_W67_V1,CP67005_b,CPxx005_b
gip,GIP_W67_V1,CP67005_c,CPxx005_c
gip,GIP_W67_V1,QE67001,QExx001
gip,GIP_W67_V1,QE67002,QExx002
gip,GIP_W67_V1,QE67003,QExx003
gip,GIP_W67_V1,QE67004,QExx004
gip,GIP_W67_V1,QE67005,QExx005
gip,GIP_W67_V1,QE67006,QExx006
gip,GIP_W67_V1,QE67007,QExx007
gip,GIP_W67_V1,QE67008_TXT_na,QExx008_TXT_na
gip,GIP_W67_V1,hh_income_23,hh_income_23
gip,GIP_W68_V1,id_g,id_g
gip,GIP_W68_V1,hhid_g,hhid_g
gip,GIP_W68_V1,pid,pid
gip,GIP_W68_V1,gender_23,gender_23
gip,GIP_W68_V1,year_of_birth_cat_23,year_of_birth_cat_23
gip,GIP_W68_V1,educ_school_23,educ_school_23
gip,GIP_W68_V1,educ_job_23,educ_job_23
gip,GIP_W68_V1,marital_status_23,marital_status_23
gip,GIP_W68_V1,number_hh_members_23,number_hh_members_23
gip,GIP_W68_V1,occupation_23,occupation_23
gip,GIP_W68_V1,german_citizenship_23,german_citizenship_23
gip,GIP_W68_V1,internet_usage_23,internet_usage_23
gip,GIP_W68_V1,state_23,state_23
gip,GIP_W68_V1,sample,sample
gip,GIP_W68_V1,dDatum,dDatum
gip,GIP_W68_V1,online_status_wave,online_status_wave
gip,GIP_W68_V1,CP68021,CPxx021
gip,GIP_W68_V1,expCP68013,expCPxx013
gip,GIP_W68_V1,rndCP68013,rndCPxx013
gip,GIP_W68_V1,CP68013,CPxx013
gip,GIP_W68_V1,rndCP68014,rndCPxx014
gip,GIP_W68_V1,CP68014,CPxx014
gip,GIP_W68_V1,expCP68015,expCPxx015
gip,GIP_W68_V1,rndCP68015,rndCPxx015
gip,GIP_W68_V1,CP68015,CPxx015
gip,GIP_W68_V1,rndCP68004,rndCPxx004
gip,GIP_W68_V1,CP68004,CPxx004
gip,GIP_W68_V1,DZ68062,DZxx062
gip,GIP_W68_V1,DZ68063,DZxx063
gip,GIP_W68_V1,DZ68064,DZxx064
gip,GIP_W68_V1,DZ68065,DZxx065
gip,GIP_W68_V1,DZ68066,DZxx066
gip,GIP_W68_V1,DZ68067,DZxx067
gip,GIP_W68_V1,DZ68068,DZxx068
gip,GIP_W68_V1,DZ68069,DZxx069
gip,GIP_W68_V1,expCP68056a_1,expCPxx056a_1
gip,GIP_W68_V1,expCP68056b_1,expCPxx056b_1
gip,GIP_W68_V1,expCP68056c_1,expCPxx056c_1
gip,GIP_W68_V1,expCP68056d_1,expCPxx056d_1
gip,GIP_W68_V1,expCP68056e_1,expCPxx056e_1
gip,GIP_W68_V1,expCP68056f_1,expCPxx056f_1
gip,GIP_W68_V1,expCP68056g_1,expCPxx056g_1
gip,GIP_W68_V1,expCP68056h_1,expCPxx056h_1
gip,GIP_W68_V1,expCP68056a_2,expCPxx056a_2
gip,GIP_W68_V1,expCP68056b_2,expCPxx056b_2
gip,GIP_W68_V1,expCP68056c_2,expCPxx056c_2
gip,GIP_W68_V1,expCP68056d_2,expCPxx056d_2
gip,GIP_W68_V1,expCP68056e_2,expCPxx056e_2
gip,GIP_W68_V1,expCP68056f_2,expCPxx056f_2
gip,GIP_W68_V1,expCP68056g_2,expCPxx056g_2
gip,GIP_W68_V1,expCP68056h_2,expCPxx056h_2
gip,GIP_W68_V1,rndCP68056,rndCPxx056
gip,GIP_W68_V1,CP68056,CPxx056
gip,GIP_W68_V1,expCP68057a_1,expCPxx057a_1
gip,GIP_W68_V1,expCP68057b_1,expCPxx057b_1
gip,GIP_W68_V1,expCP68057c_1,expCPxx057c_1
gip,GIP_W68_V1,expCP68057d_1,expCPxx057d_1
gip,GIP_W68_V1,expCP68057e_1,expCPxx057e_1
gip,GIP_W68_V1,expCP68057f_1,expCPxx057f_1
gip,GIP_W68_V1,expCP68057g_1,expCPxx057g_1
gip,GIP_W68_V1,expCP68057h_1,expCPxx057h_1
gip,GIP_W68_V1,expCP68057a_2,expCPxx057a_2
gip,GIP_W68_V1,expCP68057b_2,expCPxx057b_2
gip,GIP_W68_V1,expCP68057c_2,expCPxx057c_2
gip,GIP_W68_V1,expCP68057d_2,expCPxx057d_2
gip,GIP_W68_V1,expCP68057e_2,expCPxx057e_2
gip,GIP_W68_V1,expCP68057f_2,expCPxx057f_2
gip,GIP_W68_V1,expCP68057g_2,expCPxx057g_2
gip,GIP_W68_V1,expCP68057h_2,expCPxx057h_2
gip,GIP_W68_V1,rndCP68057,rndCPxx057
gip,GIP_W68_V1,CP68057,CPxx057
gip,GIP_W68_V1,expCP68058a_1,expCPxx058a_1
gip,GIP_W68_V1,expCP68058b_1,expCPxx058b_1
gip,GIP_W68_V1,expCP68058c_1,expCPxx058c_1
gip,GIP_W68_V1,expCP68058d_1,expCPxx058d_1
gip,GIP_W68_V1,expCP68058e_1,expCPxx058e_1
gip,GIP_W68_V1,expCP68058f_1,expCPxx058f_1
gip,GIP_W68_V1,expCP68058g_1,expCPxx058g_1
gip,GIP_W68_V1,expCP68058h_1,expCPxx058h_1
gip,GIP_W68_V1,expCP68058a_2,expCPxx058a_2
gip,GIP_W68_V1,expCP68058b_2,expCPxx058b_2
gip,GIP_W68_V1,expCP68058c_2,expCPxx058c_2
gip,GIP_W68_V1,expCP68058d_2,expCPxx058d_2
gip,GIP_W68_V1,expCP68058e_2,expCPxx058e_2
gip,GIP_W68_V1,expCP68058f_2,expCPxx058f_2
gip,GIP_W68_V1,expCP68058g_2,expCPxx058g_2
gip,GIP_W68_V1,expCP68058h_2,expCPxx058h_2
gip,GIP_W68_V1,rndCP68058,rndCPxx058
gip,GIP_W68_V1,CP68058,CPxx058
gip,GIP_W68_V1,CP68025,CPxx025
gip,GIP_W68_V1,CP68026,CPxx026
gip,GIP_W68_V1,CP68027,CPxx027
gip,GIP_W68_V1,CP68028,CPxx028
gip,GIP_W68_V1,CP68029,CPxx029
gip,GIP_W68_V1,CP68030,CPxx030
gip,GIP_W68_V1,CP68031,CPxx031
gip,GIP_W68_V1,CP68032,CPxx032
gip,GIP_W68_V1,CP68033,CPxx033
gip,GIP_W68_V1,CP68034,CPxx034
gip,GIP_W68_V1,CP68035,CPxx035
gip,GIP_W68_V1,CP68036,CPxx036
gip,GIP_W68_V1,CP68037,CPxx037
gip,GIP_W68_V1,CP68038,CPxx038
gip,GIP_W68_V1,CP68039,CPxx039
gip,GIP_W68_V1,CP68040,CPxx040
gip,GIP_W68_V1,CP68041,CPxx041
gip,GIP_W68_V1,CP68042,CPxx042
gip,GIP_W68_V1,CP68043,CPxx043
gip,GIP_W68_V1,CP68044,CPxx044
gip,GIP_W68_V1,CP68045,CPxx045
gip,GIP_W68_V1,CP68046,CPxx046
gip,GIP_W68_V1,CP68047,CPxx047
gip,GIP_W68_V1,CP68048,CPxx048
gip,GIP_W68_V1,CP68049,CPxx049
gip,GIP_W68_V1,CP68050,CPxx050
gip,GIP_W68_V1,CP68051,CPxx051
gip,GIP_W68_V1,CP68052,CPxx052
gip,GIP_W68_V1,CP68053,CPxx053
gip,GIP_W68_V1,CP68054,CPxx054
gip,GIP_W68_V1,ZF68202,ZFxx202
gip,GIP_W68_V1,CP68055,CPxx055
gip,GIP_W68_V1,CP68020_a,CPxx020_a
gip,GIP_W68_V1,CP68020_b,CPxx020_b
gip,GIP_W68_V1,CP68020_d,CPxx020_d
gip,GIP_W68_V1,CP68059,CPxx059
gip,GIP_W68_V1,QE68001,QExx001
gip,GIP_W68_V1,QE68002,QExx002
gip,GIP_W68_V1,QE68003,QExx003
gip,GIP_W68_V1,QE68004,QExx004
gip,GIP_W68_V1,QE68005,QExx005
gip,GIP_W68_V1,QE68006,QExx006
gip,GIP_W68_V1,QE68007,QExx007
gip,GIP_W68_V1,QE68008_TXT_na,QExx008_TXT_na
