concept_name,concept_namespace,dataset_name,study_name,variable_name
id_g,gip,GIP_W35_V1,gip,id_g
hhid_g,gip,GIP_W35_V1,gip,hhid_g
pid,gip,GIP_W35_V1,gip,pid
gender_17,gip,GIP_W35_V1,gip,gender_17
year_of_birth_cat_17,gip,GIP_W35_V1,gip,year_of_birth_cat_17
educ_school_17,gip,GIP_W35_V1,gip,educ_school_17
educ_job_17,gip,GIP_W35_V1,gip,educ_job_17
marital_status_17,gip,GIP_W35_V1,gip,marital_status_17
number_hh_members_17,gip,GIP_W35_V1,gip,number_hh_members_17
occupation_17,gip,GIP_W35_V1,gip,occupation_17
german_citizenship_17,gip,GIP_W35_V1,gip,german_citizenship_17
internet_usage_17,gip,GIP_W35_V1,gip,internet_usage_17
state_17,gip,GIP_W35_V1,gip,state_17
sample,gip,GIP_W35_V1,gip,sample
dDatum,gip,GIP_W35_V1,gip,dDatum
online_status_wave,gip,GIP_W35_V1,gip,online_status_wave
RM35001,gip,GIP_W35_V1,gip,RM35001
RM35002_a,gip,GIP_W35_V1,gip,RM35002_a
RM35002_b,gip,GIP_W35_V1,gip,RM35002_b
RM35002_c,gip,GIP_W35_V1,gip,RM35002_c
RM35002_d,gip,GIP_W35_V1,gip,RM35002_d
RM35002_e,gip,GIP_W35_V1,gip,RM35002_e
RM35002_f,gip,GIP_W35_V1,gip,RM35002_f
RM35002_g,gip,GIP_W35_V1,gip,RM35002_g
RM35002_h,gip,GIP_W35_V1,gip,RM35002_h
RM35003,gip,GIP_W35_V1,gip,RM35003
RM35004,gip,GIP_W35_V1,gip,RM35004
RM35005_a,gip,GIP_W35_V1,gip,RM35005_a
RM35005_b,gip,GIP_W35_V1,gip,RM35005_b
RM35005_c,gip,GIP_W35_V1,gip,RM35005_c
RM35005_d,gip,GIP_W35_V1,gip,RM35005_d
RM35005_e,gip,GIP_W35_V1,gip,RM35005_e
RM35005_f,gip,GIP_W35_V1,gip,RM35005_f
RM35005_g,gip,GIP_W35_V1,gip,RM35005_g
RM35005_h,gip,GIP_W35_V1,gip,RM35005_h
RM35005_i,gip,GIP_W35_V1,gip,RM35005_i
RM35005_j,gip,GIP_W35_V1,gip,RM35005_j
RM35006,gip,GIP_W35_V1,gip,RM35006
RM35007,gip,GIP_W35_V1,gip,RM35007
expRM35008,gip,GIP_W35_V1,gip,expRM35008
RM35008,gip,GIP_W35_V1,gip,RM35008
RM35009,gip,GIP_W35_V1,gip,RM35009
RM35010,gip,GIP_W35_V1,gip,RM35010
RM35011,gip,GIP_W35_V1,gip,RM35011
RM35012,gip,GIP_W35_V1,gip,RM35012
RM35013,gip,GIP_W35_V1,gip,RM35013
RM35014,gip,GIP_W35_V1,gip,RM35014
RM35015,gip,GIP_W35_V1,gip,RM35015
RM35016,gip,GIP_W35_V1,gip,RM35016
RM35017,gip,GIP_W35_V1,gip,RM35017
RM35018,gip,GIP_W35_V1,gip,RM35018
RM35019,gip,GIP_W35_V1,gip,RM35019
RM35020_a,gip,GIP_W35_V1,gip,RM35020_a
RM35020_b,gip,GIP_W35_V1,gip,RM35020_b
RM35020_c,gip,GIP_W35_V1,gip,RM35020_c
RM35020_d,gip,GIP_W35_V1,gip,RM35020_d
RM35020_e,gip,GIP_W35_V1,gip,RM35020_e
RM35020_f,gip,GIP_W35_V1,gip,RM35020_f
RM35020_g,gip,GIP_W35_V1,gip,RM35020_g
RM35020_h,gip,GIP_W35_V1,gip,RM35020_h
RM35020_i,gip,GIP_W35_V1,gip,RM35020_i
RM35020_j,gip,GIP_W35_V1,gip,RM35020_j
RM35021_a,gip,GIP_W35_V1,gip,RM35021_a
RM35021_b,gip,GIP_W35_V1,gip,RM35021_b
RM35021_c,gip,GIP_W35_V1,gip,RM35021_c
RM35021_d,gip,GIP_W35_V1,gip,RM35021_d
RM35021_e,gip,GIP_W35_V1,gip,RM35021_e
RM35021_f,gip,GIP_W35_V1,gip,RM35021_f
RM35021_g,gip,GIP_W35_V1,gip,RM35021_g
RM35021_h,gip,GIP_W35_V1,gip,RM35021_h
RM35021_i,gip,GIP_W35_V1,gip,RM35021_i
RM35021_j,gip,GIP_W35_V1,gip,RM35021_j
RM35022_a,gip,GIP_W35_V1,gip,RM35022_a
RM35022_b,gip,GIP_W35_V1,gip,RM35022_b
RM35022_c,gip,GIP_W35_V1,gip,RM35022_c
RM35022_d,gip,GIP_W35_V1,gip,RM35022_d
RM35022_e,gip,GIP_W35_V1,gip,RM35022_e
RM35022_f,gip,GIP_W35_V1,gip,RM35022_f
RM35022_g,gip,GIP_W35_V1,gip,RM35022_g
RM35022_h,gip,GIP_W35_V1,gip,RM35022_h
RM35022_i,gip,GIP_W35_V1,gip,RM35022_i
RM35022_j,gip,GIP_W35_V1,gip,RM35022_j
RM35022_k,gip,GIP_W35_V1,gip,RM35022_k
RM35023,gip,GIP_W35_V1,gip,RM35023
RM35024,gip,GIP_W35_V1,gip,RM35024
CE35304,gip,GIP_W35_V1,gip,CE35304
rndCE35250,gip,GIP_W35_V1,gip,rndCE35250
CE35250,gip,GIP_W35_V1,gip,CE35250
CE35252,gip,GIP_W35_V1,gip,CE35252
CE35254,gip,GIP_W35_V1,gip,CE35254
CE35256,gip,GIP_W35_V1,gip,CE35256
CE35258,gip,GIP_W35_V1,gip,CE35258
CE35260,gip,GIP_W35_V1,gip,CE35260
CE35262,gip,GIP_W35_V1,gip,CE35262
rndZJ35030,gip,GIP_W35_V1,gip,rndZJ35030
ZJ35030,gip,GIP_W35_V1,gip,ZJ35030
ZJ35031,gip,GIP_W35_V1,gip,ZJ35031
QE35001,gip,GIP_W35_V1,gip,QE35001
QE35002,gip,GIP_W35_V1,gip,QE35002
QE35003,gip,GIP_W35_V1,gip,QE35003
QE35004,gip,GIP_W35_V1,gip,QE35004
QE35005,gip,GIP_W35_V1,gip,QE35005
QE35006,gip,GIP_W35_V1,gip,QE35006
QE35007,gip,GIP_W35_V1,gip,QE35007
QE35008_TXT_na,gip,GIP_W35_V1,gip,QE35008_TXT_na
id_g,gip,GIP_W36_V1,gip,id_g
hhid_g,gip,GIP_W36_V1,gip,hhid_g
pid,gip,GIP_W36_V1,gip,pid
gender_17,gip,GIP_W36_V1,gip,gender_17
year_of_birth_cat_17,gip,GIP_W36_V1,gip,year_of_birth_cat_17
educ_school_17,gip,GIP_W36_V1,gip,educ_school_17
educ_job_17,gip,GIP_W36_V1,gip,educ_job_17
marital_status_17,gip,GIP_W36_V1,gip,marital_status_17
number_hh_members_17,gip,GIP_W36_V1,gip,number_hh_members_17
occupation_17,gip,GIP_W36_V1,gip,occupation_17
german_citizenship_17,gip,GIP_W36_V1,gip,german_citizenship_17
internet_usage_17,gip,GIP_W36_V1,gip,internet_usage_17
state_17,gip,GIP_W36_V1,gip,state_17
sample,gip,GIP_W36_V1,gip,sample
dDatum,gip,GIP_W36_V1,gip,dDatum
online_status_wave,gip,GIP_W36_V1,gip,online_status_wave
expCG36098,gip,GIP_W36_V1,gip,expCG36098
CG36099,gip,GIP_W36_V1,gip,CG36099
CG36100,gip,GIP_W36_V1,gip,CG36100
CG36101,gip,GIP_W36_V1,gip,CG36101
CG36102,gip,GIP_W36_V1,gip,CG36102
ZH36032,gip,GIP_W36_V1,gip,ZH36032
rndCG36001,gip,GIP_W36_V1,gip,rndCG36001
CG36001,gip,GIP_W36_V1,gip,CG36001
CG36003,gip,GIP_W36_V1,gip,CG36003
CG36004,gip,GIP_W36_V1,gip,CG36004
CG36005,gip,GIP_W36_V1,gip,CG36005
CG36006,gip,GIP_W36_V1,gip,CG36006
CG36007,gip,GIP_W36_V1,gip,CG36007
expCG36095,gip,GIP_W36_V1,gip,expCG36095
CG36095,gip,GIP_W36_V1,gip,CG36095
expCG36096,gip,GIP_W36_V1,gip,expCG36096
CG36096,gip,GIP_W36_V1,gip,CG36096
expCD36129,gip,GIP_W36_V1,gip,expCD36129
CD36129,gip,GIP_W36_V1,gip,CD36129
expCD36130,gip,GIP_W36_V1,gip,expCD36130
CD36131,gip,GIP_W36_V1,gip,CD36131
CD36132,gip,GIP_W36_V1,gip,CD36132
expCD36133,gip,GIP_W36_V1,gip,expCD36133
CD36134,gip,GIP_W36_V1,gip,CD36134
AC36184,gip,GIP_W36_V1,gip,AC36184
AC36185,gip,GIP_W36_V1,gip,AC36185
AC36186,gip,GIP_W36_V1,gip,AC36186
AC36187,gip,GIP_W36_V1,gip,AC36187
AC36188,gip,GIP_W36_V1,gip,AC36188
AC36189,gip,GIP_W36_V1,gip,AC36189
AC36190,gip,GIP_W36_V1,gip,AC36190
AC36191,gip,GIP_W36_V1,gip,AC36191
AC36192,gip,GIP_W36_V1,gip,AC36192
AC36193,gip,GIP_W36_V1,gip,AC36193
AC36194,gip,GIP_W36_V1,gip,AC36194
AA36005,gip,GIP_W36_V1,gip,AA36005
AC33058,gip,GIP_W36_V1,gip,AC33058
expAC36058,gip,GIP_W36_V1,gip,expAC36058
AC36058,gip,GIP_W36_V1,gip,AC36058
AC36194_TXT_na,gip,GIP_W36_V1,gip,AC36194_TXT_na
AC33067,gip,GIP_W36_V1,gip,AC33067
expAC36067,gip,GIP_W36_V1,gip,expAC36067
AC36067,gip,GIP_W36_V1,gip,AC36067
AC36195_TXT_na,gip,GIP_W36_V1,gip,AC36195_TXT_na
CF36076,gip,GIP_W36_V1,gip,CF36076
expCF36077,gip,GIP_W36_V1,gip,expCF36077
CF36078,gip,GIP_W36_V1,gip,CF36078
CF36079,gip,GIP_W36_V1,gip,CF36079
CF36080,gip,GIP_W36_V1,gip,CF36080
CF36081,gip,GIP_W36_V1,gip,CF36081
rndCF36082,gip,GIP_W36_V1,gip,rndCF36082
CF36082,gip,GIP_W36_V1,gip,CF36082
rndCF36083,gip,GIP_W36_V1,gip,rndCF36083
CF36083,gip,GIP_W36_V1,gip,CF36083
rndCF36084,gip,GIP_W36_V1,gip,rndCF36084
CF36084,gip,GIP_W36_V1,gip,CF36084
expCF36085,gip,GIP_W36_V1,gip,expCF36085
CF36086,gip,GIP_W36_V1,gip,CF36086
CF36087_a,gip,GIP_W36_V1,gip,CF36087_a
CF36087_b,gip,GIP_W36_V1,gip,CF36087_b
CF36087_c,gip,GIP_W36_V1,gip,CF36087_c
CF36087_d,gip,GIP_W36_V1,gip,CF36087_d
CF36087_e,gip,GIP_W36_V1,gip,CF36087_e
CF36087_f,gip,GIP_W36_V1,gip,CF36087_f
CF36087_g,gip,GIP_W36_V1,gip,CF36087_g
CF36087_h,gip,GIP_W36_V1,gip,CF36087_h
CF36087_i,gip,GIP_W36_V1,gip,CF36087_i
CF36087_j,gip,GIP_W36_V1,gip,CF36087_j
CF36087_k,gip,GIP_W36_V1,gip,CF36087_k
CF36087_l,gip,GIP_W36_V1,gip,CF36087_l
CF36040,gip,GIP_W36_V1,gip,CF36040
CF36002,gip,GIP_W36_V1,gip,CF36002
CF36003,gip,GIP_W36_V1,gip,CF36003
expCF36004,gip,GIP_W36_V1,gip,expCF36004
CF36004,gip,GIP_W36_V1,gip,CF36004
CF36012,gip,GIP_W36_V1,gip,CF36012
rndZJ36032,gip,GIP_W36_V1,gip,rndZJ36032
ZJ36032,gip,GIP_W36_V1,gip,ZJ36032
CE36152,gip,GIP_W36_V1,gip,CE36152
CE36300,gip,GIP_W36_V1,gip,CE36300
CE36233,gip,GIP_W36_V1,gip,CE36233
CE36307,gip,GIP_W36_V1,gip,CE36307
QE36001,gip,GIP_W36_V1,gip,QE36001
QE36002,gip,GIP_W36_V1,gip,QE36002
QE36003,gip,GIP_W36_V1,gip,QE36003
QE36004,gip,GIP_W36_V1,gip,QE36004
QE36005,gip,GIP_W36_V1,gip,QE36005
QE36006,gip,GIP_W36_V1,gip,QE36006
QE36007,gip,GIP_W36_V1,gip,QE36007
QE36008_TXT_na,gip,GIP_W36_V1,gip,QE36008_TXT_na
id_g,gip,GIP_W37_V1,gip,id_g
hhid_g,gip,GIP_W37_V1,gip,hhid_g
pid,gip,GIP_W37_V1,gip,pid
gender_18,gip,GIP_W37_V1,gip,gender_18
year_of_birth_cat_18,gip,GIP_W37_V1,gip,year_of_birth_cat_18
educ_school_18,gip,GIP_W37_V1,gip,educ_school_18
educ_job_18,gip,GIP_W37_V1,gip,educ_job_18
marital_status_18,gip,GIP_W37_V1,gip,marital_status_18
number_hh_members_18,gip,GIP_W37_V1,gip,number_hh_members_18
occupation_18,gip,GIP_W37_V1,gip,occupation_18
german_citizenship_18,gip,GIP_W37_V1,gip,german_citizenship_18
internet_usage_18,gip,GIP_W37_V1,gip,internet_usage_18
state_18,gip,GIP_W37_V1,gip,state_18
sample,gip,GIP_W37_V1,gip,sample
dDatum,gip,GIP_W37_V1,gip,dDatum
online_status_wave,gip,GIP_W37_V1,gip,online_status_wave
AA37401,gip,GIP_W37_V1,gip,AA37401
AA37402,gip,GIP_W37_V1,gip,AA37402
AA37403,gip,GIP_W37_V1,gip,AA37403
AA37404,gip,GIP_W37_V1,gip,AA37404
AA37405_NA,gip,GIP_W37_V1,gip,AA37405_NA
AA37406_NA,gip,GIP_W37_V1,gip,AA37406_NA
AA37408_NA,gip,GIP_W37_V1,gip,AA37408_NA
AA37400_TXT_NA,gip,GIP_W37_V1,gip,AA37400_TXT_NA
AA37409,gip,GIP_W37_V1,gip,AA37409
AA37410_NA,gip,GIP_W37_V1,gip,AA37410_NA
AA37210,gip,GIP_W37_V1,gip,AA37210
AA37411,gip,GIP_W37_V1,gip,AA37411
AA37412_NA,gip,GIP_W37_V1,gip,AA37412_NA
AA37211,gip,GIP_W37_V1,gip,AA37211
AA37307,gip,GIP_W37_V1,gip,AA37307
AA37004,gip,GIP_W37_V1,gip,AA37004
AA37057,gip,GIP_W37_V1,gip,AA37057
AA37413a,gip,GIP_W37_V1,gip,AA37413a
AA37414a,gip,GIP_W37_V1,gip,AA37414a
AA37415a,gip,GIP_W37_V1,gip,AA37415a
AA37413b,gip,GIP_W37_V1,gip,AA37413b
AA37414b,gip,GIP_W37_V1,gip,AA37414b
AA37415b,gip,GIP_W37_V1,gip,AA37415b
AA37413c,gip,GIP_W37_V1,gip,AA37413c
AA37414c,gip,GIP_W37_V1,gip,AA37414c
AA37415c,gip,GIP_W37_V1,gip,AA37415c
AA37413d,gip,GIP_W37_V1,gip,AA37413d
AA37414d,gip,GIP_W37_V1,gip,AA37414d
AA37415d,gip,GIP_W37_V1,gip,AA37415d
AA37430,gip,GIP_W37_V1,gip,AA37430
AA37303,gip,GIP_W37_V1,gip,AA37303
AA37305,gip,GIP_W37_V1,gip,AA37305
AA37450_a,gip,GIP_W37_V1,gip,AA37450_a
AA37450_b,gip,GIP_W37_V1,gip,AA37450_b
AA37450_c,gip,GIP_W37_V1,gip,AA37450_c
AA37450_d,gip,GIP_W37_V1,gip,AA37450_d
AA37450_e,gip,GIP_W37_V1,gip,AA37450_e
AA37450_f,gip,GIP_W37_V1,gip,AA37450_f
AA37450_g,gip,GIP_W37_V1,gip,AA37450_g
AA37450_h,gip,GIP_W37_V1,gip,AA37450_h
AA37450_i,gip,GIP_W37_V1,gip,AA37450_i
AA37450_j,gip,GIP_W37_V1,gip,AA37450_j
AA37450_k,gip,GIP_W37_V1,gip,AA37450_k
AA37450_l,gip,GIP_W37_V1,gip,AA37450_l
AA37450_m,gip,GIP_W37_V1,gip,AA37450_m
AA37450_n,gip,GIP_W37_V1,gip,AA37450_n
AA37450_o,gip,GIP_W37_V1,gip,AA37450_o
AA37450_p,gip,GIP_W37_V1,gip,AA37450_p
AA37450_q,gip,GIP_W37_V1,gip,AA37450_q
AA37451,gip,GIP_W37_V1,gip,AA37451
AA37006,gip,GIP_W37_V1,gip,AA37006
AA37452,gip,GIP_W37_V1,gip,AA37452
AA37453,gip,GIP_W37_V1,gip,AA37453
AA37454,gip,GIP_W37_V1,gip,AA37454
AA37455,gip,GIP_W37_V1,gip,AA37455
AA37456,gip,GIP_W37_V1,gip,AA37456
AA37457,gip,GIP_W37_V1,gip,AA37457
AA37458,gip,GIP_W37_V1,gip,AA37458
AA37427,gip,GIP_W37_V1,gip,AA37427
AA37428,gip,GIP_W37_V1,gip,AA37428
AA37429,gip,GIP_W37_V1,gip,AA37429
AA37309,gip,GIP_W37_V1,gip,AA37309
AA37440,gip,GIP_W37_V1,gip,AA37440
rotAA37023,gip,GIP_W37_V1,gip,rotAA37023
AA37023,gip,GIP_W37_V1,gip,AA37023
AA37024,gip,GIP_W37_V1,gip,AA37024
AA37025,gip,GIP_W37_V1,gip,AA37025
AA37026,gip,GIP_W37_V1,gip,AA37026
rotAA37027,gip,GIP_W37_V1,gip,rotAA37027
AA37027,gip,GIP_W37_V1,gip,AA37027
AA37028,gip,GIP_W37_V1,gip,AA37028
AA37029,gip,GIP_W37_V1,gip,AA37029
AA37030,gip,GIP_W37_V1,gip,AA37030
AA37031,gip,GIP_W37_V1,gip,AA37031
AA37032,gip,GIP_W37_V1,gip,AA37032
AA37033,gip,GIP_W37_V1,gip,AA37033
AA37034,gip,GIP_W37_V1,gip,AA37034
AA37035,gip,GIP_W37_V1,gip,AA37035
AA37036,gip,GIP_W37_V1,gip,AA37036
AA37037,gip,GIP_W37_V1,gip,AA37037
AA37040a,gip,GIP_W37_V1,gip,AA37040a
rndAA37041a10,gip,GIP_W37_V1,gip,rndAA37041a10
AA37041a10,gip,GIP_W37_V1,gip,AA37041a10
AA37041a3,gip,GIP_W37_V1,gip,AA37041a3
AA37041a4,gip,GIP_W37_V1,gip,AA37041a4
AA37041a5,gip,GIP_W37_V1,gip,AA37041a5
AA37041a6,gip,GIP_W37_V1,gip,AA37041a6
AA37041a9,gip,GIP_W37_V1,gip,AA37041a9
AA37042,gip,GIP_W37_V1,gip,AA37042
AA37043,gip,GIP_W37_V1,gip,AA37043
AA37044,gip,GIP_W37_V1,gip,AA37044
AA37045,gip,GIP_W37_V1,gip,AA37045
AA37046,gip,GIP_W37_V1,gip,AA37046
AA37047,gip,GIP_W37_V1,gip,AA37047
AA37048,gip,GIP_W37_V1,gip,AA37048
AA37049,gip,GIP_W37_V1,gip,AA37049
AA37050,gip,GIP_W37_V1,gip,AA37050
AA37051,gip,GIP_W37_V1,gip,AA37051
AA37052,gip,GIP_W37_V1,gip,AA37052
AA37053,gip,GIP_W37_V1,gip,AA37053
AA37054,gip,GIP_W37_V1,gip,AA37054
AA37055,gip,GIP_W37_V1,gip,AA37055
AA37465,gip,GIP_W37_V1,gip,AA37465
AA37056,gip,GIP_W37_V1,gip,AA37056
AA37038,gip,GIP_W37_V1,gip,AA37038
QE37001,gip,GIP_W37_V1,gip,QE37001
QE37002,gip,GIP_W37_V1,gip,QE37002
QE37003,gip,GIP_W37_V1,gip,QE37003
QE37004,gip,GIP_W37_V1,gip,QE37004
QE37005,gip,GIP_W37_V1,gip,QE37005
QE37006,gip,GIP_W37_V1,gip,QE37006
QE37007,gip,GIP_W37_V1,gip,QE37007
QE37008_TXT_NA,gip,GIP_W37_V1,gip,QE37008_TXT_NA
id_g,gip,GIP_W38_V1,gip,id_g
hhid_g,gip,GIP_W38_V1,gip,hhid_g
pid,gip,GIP_W38_V1,gip,pid
gender_18,gip,GIP_W38_V1,gip,gender_18
year_of_birth_cat_18,gip,GIP_W38_V1,gip,year_of_birth_cat_18
educ_school_18,gip,GIP_W38_V1,gip,educ_school_18
educ_job_18,gip,GIP_W38_V1,gip,educ_job_18
marital_status_18,gip,GIP_W38_V1,gip,marital_status_18
number_hh_members_18,gip,GIP_W38_V1,gip,number_hh_members_18
occupation_18,gip,GIP_W38_V1,gip,occupation_18
german_citizenship_18,gip,GIP_W38_V1,gip,german_citizenship_18
internet_usage_18,gip,GIP_W38_V1,gip,internet_usage_18
state_18,gip,GIP_W38_V1,gip,state_18
sample,gip,GIP_W38_V1,gip,sample
dDatum,gip,GIP_W38_V1,gip,dDatum
online_status_wave,gip,GIP_W38_V1,gip,online_status_wave
expZF38092,gip,GIP_W38_V1,gip,expZF38092
ZF38092,gip,GIP_W38_V1,gip,ZF38092
ZF38093,gip,GIP_W38_V1,gip,ZF38093
ZF38094,gip,GIP_W38_V1,gip,ZF38094
ZF38095,gip,GIP_W38_V1,gip,ZF38095
ZF38096,gip,GIP_W38_V1,gip,ZF38096
ZF38097,gip,GIP_W38_V1,gip,ZF38097
BG38001,gip,GIP_W38_V1,gip,BG38001
BG38002,gip,GIP_W38_V1,gip,BG38002
BG38003,gip,GIP_W38_V1,gip,BG38003
BG38004,gip,GIP_W38_V1,gip,BG38004
BG38005,gip,GIP_W38_V1,gip,BG38005
BG38006_a,gip,GIP_W38_V1,gip,BG38006_a
BG38006_b,gip,GIP_W38_V1,gip,BG38006_b
BG38006_c,gip,GIP_W38_V1,gip,BG38006_c
BG38006_d,gip,GIP_W38_V1,gip,BG38006_d
BG38006_e,gip,GIP_W38_V1,gip,BG38006_e
BG38006_f,gip,GIP_W38_V1,gip,BG38006_f
BG38007,gip,GIP_W38_V1,gip,BG38007
BG38008,gip,GIP_W38_V1,gip,BG38008
BG38009,gip,GIP_W38_V1,gip,BG38009
BG38010,gip,GIP_W38_V1,gip,BG38010
BG38011,gip,GIP_W38_V1,gip,BG38011
ZF38116_js,gip,GIP_W38_V1,gip,ZF38116_js
expZF38116,gip,GIP_W38_V1,gip,expZF38116
ZF38116,gip,GIP_W38_V1,gip,ZF38116
ZF38117,gip,GIP_W38_V1,gip,ZF38117
rndCE38153,gip,GIP_W38_V1,gip,rndCE38153
CE38153,gip,GIP_W38_V1,gip,CE38153
CE38154,gip,GIP_W38_V1,gip,CE38154
CE38155,gip,GIP_W38_V1,gip,CE38155
CE38156,gip,GIP_W38_V1,gip,CE38156
CE38312,gip,GIP_W38_V1,gip,CE38312
CE38313,gip,GIP_W38_V1,gip,CE38313
CE38056,gip,GIP_W38_V1,gip,CE38056
rndCE38250,gip,GIP_W38_V1,gip,rndCE38250
CE38250,gip,GIP_W38_V1,gip,CE38250
CE38252,gip,GIP_W38_V1,gip,CE38252
CE38254,gip,GIP_W38_V1,gip,CE38254
CE38256,gip,GIP_W38_V1,gip,CE38256
CE38258,gip,GIP_W38_V1,gip,CE38258
CE38260,gip,GIP_W38_V1,gip,CE38260
CE38262,gip,GIP_W38_V1,gip,CE38262
rndCE38280,gip,GIP_W38_V1,gip,rndCE38280
CE38280,gip,GIP_W38_V1,gip,CE38280
CE38281,gip,GIP_W38_V1,gip,CE38281
CE38282,gip,GIP_W38_V1,gip,CE38282
CE38283,gip,GIP_W38_V1,gip,CE38283
CE38284,gip,GIP_W38_V1,gip,CE38284
CE38291,gip,GIP_W38_V1,gip,CE38291
expCE38314,gip,GIP_W38_V1,gip,expCE38314
CE38314,gip,GIP_W38_V1,gip,CE38314
CE38315,gip,GIP_W38_V1,gip,CE38315
CE38316,gip,GIP_W38_V1,gip,CE38316
CE38317,gip,GIP_W38_V1,gip,CE38317
CE38318,gip,GIP_W38_V1,gip,CE38318
CE38319,gip,GIP_W38_V1,gip,CE38319
CE38320,gip,GIP_W38_V1,gip,CE38320
CE38321,gip,GIP_W38_V1,gip,CE38321
CE38322,gip,GIP_W38_V1,gip,CE38322
CE38323,gip,GIP_W38_V1,gip,CE38323
CE38324,gip,GIP_W38_V1,gip,CE38324
CE38325,gip,GIP_W38_V1,gip,CE38325
CE38326,gip,GIP_W38_V1,gip,CE38326
CE38327,gip,GIP_W38_V1,gip,CE38327
CE38328,gip,GIP_W38_V1,gip,CE38328
CE38329,gip,GIP_W38_V1,gip,CE38329
expCE38330,gip,GIP_W38_V1,gip,expCE38330
CE38330,gip,GIP_W38_V1,gip,CE38330
CE38331,gip,GIP_W38_V1,gip,CE38331
CE38332,gip,GIP_W38_V1,gip,CE38332
CE38333,gip,GIP_W38_V1,gip,CE38333
CE38334,gip,GIP_W38_V1,gip,CE38334
CE38335,gip,GIP_W38_V1,gip,CE38335
CE38336,gip,GIP_W38_V1,gip,CE38336
CE38337,gip,GIP_W38_V1,gip,CE38337
CE38338,gip,GIP_W38_V1,gip,CE38338
CE38339,gip,GIP_W38_V1,gip,CE38339
CE38340,gip,GIP_W38_V1,gip,CE38340
CE38341,gip,GIP_W38_V1,gip,CE38341
CE38342,gip,GIP_W38_V1,gip,CE38342
CE38343,gip,GIP_W38_V1,gip,CE38343
CE38344,gip,GIP_W38_V1,gip,CE38344
CE38345,gip,GIP_W38_V1,gip,CE38345
CE38346,gip,GIP_W38_V1,gip,CE38346
rndZH38352,gip,GIP_W38_V1,gip,rndZH38352
CE38347,gip,GIP_W38_V1,gip,CE38347
CE38348,gip,GIP_W38_V1,gip,CE38348
CE38349,gip,GIP_W38_V1,gip,CE38349
CE38350,gip,GIP_W38_V1,gip,CE38350
CE38351,gip,GIP_W38_V1,gip,CE38351
CE38352,gip,GIP_W38_V1,gip,CE38352
ZF38098,gip,GIP_W38_V1,gip,ZF38098
ZF38099,gip,GIP_W38_V1,gip,ZF38099
ZF38100,gip,GIP_W38_V1,gip,ZF38100
ZF38101,gip,GIP_W38_V1,gip,ZF38101
ZF38102,gip,GIP_W38_V1,gip,ZF38102
ZF38103,gip,GIP_W38_V1,gip,ZF38103
ZF38104,gip,GIP_W38_V1,gip,ZF38104
ZF38105,gip,GIP_W38_V1,gip,ZF38105
ZF38106,gip,GIP_W38_V1,gip,ZF38106
ZF38107,gip,GIP_W38_V1,gip,ZF38107
ZF38108,gip,GIP_W38_V1,gip,ZF38108
ZF38109,gip,GIP_W38_V1,gip,ZF38109
ZF38110,gip,GIP_W38_V1,gip,ZF38110
ZF38111,gip,GIP_W38_V1,gip,ZF38111
ZF38112,gip,GIP_W38_V1,gip,ZF38112
ZF38113,gip,GIP_W38_V1,gip,ZF38113
ZF38114,gip,GIP_W38_V1,gip,ZF38114
ZF38115,gip,GIP_W38_V1,gip,ZF38115
QE38001,gip,GIP_W38_V1,gip,QE38001
QE38002,gip,GIP_W38_V1,gip,QE38002
QE38003,gip,GIP_W38_V1,gip,QE38003
QE38004,gip,GIP_W38_V1,gip,QE38004
QE38005,gip,GIP_W38_V1,gip,QE38005
QE38006,gip,GIP_W38_V1,gip,QE38006
QE38007,gip,GIP_W38_V1,gip,QE38007
QE38008_TXT_na,gip,GIP_W38_V1,gip,QE38008_TXT_na
id_g,gip,GIP_W39_V1,gip,id_g
hhid_g,gip,GIP_W39_V1,gip,hhid_g
pid,gip,GIP_W39_V1,gip,pid
gender_18,gip,GIP_W39_V1,gip,gender_18
year_of_birth_cat_18,gip,GIP_W39_V1,gip,year_of_birth_cat_18
educ_school_18,gip,GIP_W39_V1,gip,educ_school_18
educ_job_18,gip,GIP_W39_V1,gip,educ_job_18
marital_status_18,gip,GIP_W39_V1,gip,marital_status_18
number_hh_members_18,gip,GIP_W39_V1,gip,number_hh_members_18
occupation_18,gip,GIP_W39_V1,gip,occupation_18
german_citizenship_18,gip,GIP_W39_V1,gip,german_citizenship_18
internet_usage_18,gip,GIP_W39_V1,gip,internet_usage_18
state_18,gip,GIP_W39_V1,gip,state_18
sample,gip,GIP_W39_V1,gip,sample
dDatum,gip,GIP_W39_V1,gip,dDatum
online_status_wave,gip,GIP_W39_V1,gip,online_status_wave
AA39005,gip,GIP_W39_V1,gip,AA39005
AC39086,gip,GIP_W39_V1,gip,AC39086
AC39050,gip,GIP_W39_V1,gip,AC39050
AC39051,gip,GIP_W39_V1,gip,AC39051
AC39080,gip,GIP_W39_V1,gip,AC39080
AC39148,gip,GIP_W39_V1,gip,AC39148
AC39056,gip,GIP_W39_V1,gip,AC39056
AC39058,gip,GIP_W39_V1,gip,AC39058
AC39088,gip,GIP_W39_V1,gip,AC39088
AC39180_a,gip,GIP_W39_V1,gip,AC39180_a
AC39180_b,gip,GIP_W39_V1,gip,AC39180_b
AC39180_c,gip,GIP_W39_V1,gip,AC39180_c
AC39180_d,gip,GIP_W39_V1,gip,AC39180_d
AC39180_e,gip,GIP_W39_V1,gip,AC39180_e
AC39180_f,gip,GIP_W39_V1,gip,AC39180_f
AC39180_g,gip,GIP_W39_V1,gip,AC39180_g
AC39180_h,gip,GIP_W39_V1,gip,AC39180_h
AC39180_i,gip,GIP_W39_V1,gip,AC39180_i
AC39094_a,gip,GIP_W39_V1,gip,AC39094_a
AC39094_b,gip,GIP_W39_V1,gip,AC39094_b
AC39094_c,gip,GIP_W39_V1,gip,AC39094_c
AC39094_d,gip,GIP_W39_V1,gip,AC39094_d
AC39094_e,gip,GIP_W39_V1,gip,AC39094_e
AC39094_f,gip,GIP_W39_V1,gip,AC39094_f
AC39094_g,gip,GIP_W39_V1,gip,AC39094_g
expAC39196a,gip,GIP_W39_V1,gip,expAC39196a
expAC39196b,gip,GIP_W39_V1,gip,expAC39196b
AC39196,gip,GIP_W39_V1,gip,AC39196
rndAC39197,gip,GIP_W39_V1,gip,rndAC39197
expAC39197a1,gip,GIP_W39_V1,gip,expAC39197a1
expAC39197b1,gip,GIP_W39_V1,gip,expAC39197b1
expAC39197c1,gip,GIP_W39_V1,gip,expAC39197c1
expAC39197d1,gip,GIP_W39_V1,gip,expAC39197d1
expAC39197e1,gip,GIP_W39_V1,gip,expAC39197e1
expAC39197a2,gip,GIP_W39_V1,gip,expAC39197a2
expAC39197b2,gip,GIP_W39_V1,gip,expAC39197b2
expAC39197c2,gip,GIP_W39_V1,gip,expAC39197c2
expAC39197d2,gip,GIP_W39_V1,gip,expAC39197d2
expAC39197e2,gip,GIP_W39_V1,gip,expAC39197e2
AC39197,gip,GIP_W39_V1,gip,AC39197
expAC39198a1,gip,GIP_W39_V1,gip,expAC39198a1
expAC39198b1,gip,GIP_W39_V1,gip,expAC39198b1
expAC39198c1,gip,GIP_W39_V1,gip,expAC39198c1
expAC39198d1,gip,GIP_W39_V1,gip,expAC39198d1
expAC39198e1,gip,GIP_W39_V1,gip,expAC39198e1
expAC39198a2,gip,GIP_W39_V1,gip,expAC39198a2
expAC39198b2,gip,GIP_W39_V1,gip,expAC39198b2
expAC39198c2,gip,GIP_W39_V1,gip,expAC39198c2
expAC39198d2,gip,GIP_W39_V1,gip,expAC39198d2
expAC39198e2,gip,GIP_W39_V1,gip,expAC39198e2
AC39198,gip,GIP_W39_V1,gip,AC39198
AC39065,gip,GIP_W39_V1,gip,AC39065
AC39067,gip,GIP_W39_V1,gip,AC39067
AC39199,gip,GIP_W39_V1,gip,AC39199
AC39200,gip,GIP_W39_V1,gip,AC39200
AC39201,gip,GIP_W39_V1,gip,AC39201
AC39202,gip,GIP_W39_V1,gip,AC39202
AC39207,gip,GIP_W39_V1,gip,AC39207
AC39183,gip,GIP_W39_V1,gip,AC39183
expAC39203,gip,GIP_W39_V1,gip,expAC39203
AC39203,gip,GIP_W39_V1,gip,AC39203
AC39161,gip,GIP_W39_V1,gip,AC39161
expAC39163,gip,GIP_W39_V1,gip,expAC39163
AC39163,gip,GIP_W39_V1,gip,AC39163
AC39204,gip,GIP_W39_V1,gip,AC39204
AC39208,gip,GIP_W39_V1,gip,AC39208
expAC39205,gip,GIP_W39_V1,gip,expAC39205
AC39205,gip,GIP_W39_V1,gip,AC39205
AC39206,gip,GIP_W39_V1,gip,AC39206
AE39096,gip,GIP_W39_V1,gip,AE39096
AE39097,gip,GIP_W39_V1,gip,AE39097
AE39098,gip,GIP_W39_V1,gip,AE39098
AE39099,gip,GIP_W39_V1,gip,AE39099
AE39100,gip,GIP_W39_V1,gip,AE39100
AE39101,gip,GIP_W39_V1,gip,AE39101
AA37054,gip,GIP_W39_V1,gip,AA37054
expCM39001,gip,GIP_W39_V1,gip,expCM39001
CM39001,gip,GIP_W39_V1,gip,CM39001
CM39002,gip,GIP_W39_V1,gip,CM39002
CM39003,gip,GIP_W39_V1,gip,CM39003
CM39004,gip,GIP_W39_V1,gip,CM39004
CM39005,gip,GIP_W39_V1,gip,CM39005
CM39006,gip,GIP_W39_V1,gip,CM39006
CM39007,gip,GIP_W39_V1,gip,CM39007
CM39008,gip,GIP_W39_V1,gip,CM39008
CM39009,gip,GIP_W39_V1,gip,CM39009
CM39010,gip,GIP_W39_V1,gip,CM39010
CM39012_js,gip,GIP_W39_V1,gip,CM39012_js
CM39011,gip,GIP_W39_V1,gip,CM39011
CM39012,gip,GIP_W39_V1,gip,CM39012
CM39013,gip,GIP_W39_V1,gip,CM39013
DZ39001,gip,GIP_W39_V1,gip,DZ39001
DZ39002,gip,GIP_W39_V1,gip,DZ39002
rndCJ39001,gip,GIP_W39_V1,gip,rndCJ39001
CJ39001_a,gip,GIP_W39_V1,gip,CJ39001_a
CJ39001_b,gip,GIP_W39_V1,gip,CJ39001_b
CJ39001_c,gip,GIP_W39_V1,gip,CJ39001_c
CJ39001_d,gip,GIP_W39_V1,gip,CJ39001_d
CJ39001_e,gip,GIP_W39_V1,gip,CJ39001_e
CJ39001_f,gip,GIP_W39_V1,gip,CJ39001_f
CJ39001_g,gip,GIP_W39_V1,gip,CJ39001_g
CJ39001_h,gip,GIP_W39_V1,gip,CJ39001_h
CJ39001_i,gip,GIP_W39_V1,gip,CJ39001_i
CJ39001_j,gip,GIP_W39_V1,gip,CJ39001_j
CJ39001_k,gip,GIP_W39_V1,gip,CJ39001_k
CJ39001_l,gip,GIP_W39_V1,gip,CJ39001_l
CJ39001_m,gip,GIP_W39_V1,gip,CJ39001_m
CJ39001_n,gip,GIP_W39_V1,gip,CJ39001_n
CJ39001_o,gip,GIP_W39_V1,gip,CJ39001_o
CJ39001_p,gip,GIP_W39_V1,gip,CJ39001_p
ZJ39022,gip,GIP_W39_V1,gip,ZJ39022
ZJ39020,gip,GIP_W39_V1,gip,ZJ39020
QE39001,gip,GIP_W39_V1,gip,QE39001
QE39002,gip,GIP_W39_V1,gip,QE39002
QE39003,gip,GIP_W39_V1,gip,QE39003
QE39004,gip,GIP_W39_V1,gip,QE39004
QE39005,gip,GIP_W39_V1,gip,QE39005
QE39006,gip,GIP_W39_V1,gip,QE39006
QE39007,gip,GIP_W39_V1,gip,QE39007
QE39008_TXT_na,gip,GIP_W39_V1,gip,QE39008_TXT_na
id_g,gip,GIP_W40_V1,gip,id_g
hhid_g,gip,GIP_W40_V1,gip,hhid_g
pid,gip,GIP_W40_V1,gip,pid
gender_18,gip,GIP_W40_V1,gip,gender_18
year_of_birth_cat_18,gip,GIP_W40_V1,gip,year_of_birth_cat_18
educ_school_18,gip,GIP_W40_V1,gip,educ_school_18
educ_job_18,gip,GIP_W40_V1,gip,educ_job_18
marital_status_18,gip,GIP_W40_V1,gip,marital_status_18
number_hh_members_18,gip,GIP_W40_V1,gip,number_hh_members_18
occupation_18,gip,GIP_W40_V1,gip,occupation_18
german_citizenship_18,gip,GIP_W40_V1,gip,german_citizenship_18
internet_usage_18,gip,GIP_W40_V1,gip,internet_usage_18
state_18,gip,GIP_W40_V1,gip,state_18
sample,gip,GIP_W40_V1,gip,sample
dDatum,gip,GIP_W40_V1,gip,dDatum
online_status_wave,gip,GIP_W40_V1,gip,online_status_wave
expZF38092,gip,GIP_W40_V1,gip,expZF38092
ZF38092,gip,GIP_W40_V1,gip,ZF38092
ZF38093,gip,GIP_W40_V1,gip,ZF38093
ZF38094,gip,GIP_W40_V1,gip,ZF38094
ZF38095,gip,GIP_W40_V1,gip,ZF38095
ZF38096,gip,GIP_W40_V1,gip,ZF38096
ZF38097,gip,GIP_W40_V1,gip,ZF38097
ZF40098,gip,GIP_W40_V1,gip,ZF40098
ZF40099,gip,GIP_W40_V1,gip,ZF40099
ZF40100,gip,GIP_W40_V1,gip,ZF40100
ZF40101,gip,GIP_W40_V1,gip,ZF40101
ZF40102,gip,GIP_W40_V1,gip,ZF40102
ZF40103,gip,GIP_W40_V1,gip,ZF40103
ZF40104,gip,GIP_W40_V1,gip,ZF40104
ZF40105,gip,GIP_W40_V1,gip,ZF40105
ZF40106,gip,GIP_W40_V1,gip,ZF40106
ZF40107,gip,GIP_W40_V1,gip,ZF40107
ZF40108,gip,GIP_W40_V1,gip,ZF40108
ZF40109,gip,GIP_W40_V1,gip,ZF40109
ZF40110,gip,GIP_W40_V1,gip,ZF40110
ZF40111,gip,GIP_W40_V1,gip,ZF40111
ZF40112,gip,GIP_W40_V1,gip,ZF40112
ZF40113,gip,GIP_W40_V1,gip,ZF40113
ZF40114,gip,GIP_W40_V1,gip,ZF40114
ZF40115,gip,GIP_W40_V1,gip,ZF40115
expZF40117,gip,GIP_W40_V1,gip,expZF40117
rndZF40117,gip,GIP_W40_V1,gip,rndZF40117
ZF40117,gip,GIP_W40_V1,gip,ZF40117
ZF40118,gip,GIP_W40_V1,gip,ZF40118
ZF40119,gip,GIP_W40_V1,gip,ZF40119
ZF40120,gip,GIP_W40_V1,gip,ZF40120
ZF40121,gip,GIP_W40_V1,gip,ZF40121
ZF40122,gip,GIP_W40_V1,gip,ZF40122
ZF40123,gip,GIP_W40_V1,gip,ZF40123
ZF40124,gip,GIP_W40_V1,gip,ZF40124
ZF40125,gip,GIP_W40_V1,gip,ZF40125
ZF40126,gip,GIP_W40_V1,gip,ZF40126
ZF40127,gip,GIP_W40_V1,gip,ZF40127
ZF40128,gip,GIP_W40_V1,gip,ZF40128
ZF40129,gip,GIP_W40_V1,gip,ZF40129
ZF40130,gip,GIP_W40_V1,gip,ZF40130
ZF40131,gip,GIP_W40_V1,gip,ZF40131
ZF40132,gip,GIP_W40_V1,gip,ZF40132
ZF40133,gip,GIP_W40_V1,gip,ZF40133
ZF40134,gip,GIP_W40_V1,gip,ZF40134
ZF40135,gip,GIP_W40_V1,gip,ZF40135
ZF40136,gip,GIP_W40_V1,gip,ZF40136
ZH40032,gip,GIP_W40_V1,gip,ZH40032
rndCG40001,gip,GIP_W40_V1,gip,rndCG40001
rndCG40002,gip,GIP_W40_V1,gip,rndCG40002
CG40001,gip,GIP_W40_V1,gip,CG40001
CG40003,gip,GIP_W40_V1,gip,CG40003
CG40007,gip,GIP_W40_V1,gip,CG40007
CG40006,gip,GIP_W40_V1,gip,CG40006
CG40005,gip,GIP_W40_V1,gip,CG40005
CG40004,gip,GIP_W40_V1,gip,CG40004
CG40103,gip,GIP_W40_V1,gip,CG40103
CG40104,gip,GIP_W40_V1,gip,CG40104
CG40102,gip,GIP_W40_V1,gip,CG40102
CG40095,gip,GIP_W40_V1,gip,CG40095
CG40096,gip,GIP_W40_V1,gip,CG40096
expCG40105,gip,GIP_W40_V1,gip,expCG40105
CG40105,gip,GIP_W40_V1,gip,CG40105
expCG40100,gip,GIP_W40_V1,gip,expCG40100
CG40100,gip,GIP_W40_V1,gip,CG40100
AJ40030,gip,GIP_W40_V1,gip,AJ40030
AJ40031,gip,GIP_W40_V1,gip,AJ40031
AJ40032,gip,GIP_W40_V1,gip,AJ40032
AJ40004,gip,GIP_W40_V1,gip,AJ40004
AJ40005,gip,GIP_W40_V1,gip,AJ40005
AJ40033,gip,GIP_W40_V1,gip,AJ40033
AJ40034,gip,GIP_W40_V1,gip,AJ40034
AJ40035,gip,GIP_W40_V1,gip,AJ40035
AJ40036,gip,GIP_W40_V1,gip,AJ40036
AJ40037,gip,GIP_W40_V1,gip,AJ40037
AJ40038,gip,GIP_W40_V1,gip,AJ40038
AJ40039,gip,GIP_W40_V1,gip,AJ40039
AJ40040,gip,GIP_W40_V1,gip,AJ40040
AJ40041,gip,GIP_W40_V1,gip,AJ40041
AJ40042,gip,GIP_W40_V1,gip,AJ40042
expAC40214a,gip,GIP_W40_V1,gip,expAC40214a
expAC40214b,gip,GIP_W40_V1,gip,expAC40214b
expAC40214c,gip,GIP_W40_V1,gip,expAC40214c
expAC40214d,gip,GIP_W40_V1,gip,expAC40214d
expAC40214e,gip,GIP_W40_V1,gip,expAC40214e
AC40214,gip,GIP_W40_V1,gip,AC40214
expAC40215a,gip,GIP_W40_V1,gip,expAC40215a
expAC40215b,gip,GIP_W40_V1,gip,expAC40215b
expAC40215c,gip,GIP_W40_V1,gip,expAC40215c
expAC40215d,gip,GIP_W40_V1,gip,expAC40215d
expAC40215e,gip,GIP_W40_V1,gip,expAC40215e
AC40215,gip,GIP_W40_V1,gip,AC40215
expAC40209a,gip,GIP_W40_V1,gip,expAC40209a
expAC40209b,gip,GIP_W40_V1,gip,expAC40209b
expAC40209c,gip,GIP_W40_V1,gip,expAC40209c
expAC40209d,gip,GIP_W40_V1,gip,expAC40209d
expAC40209e,gip,GIP_W40_V1,gip,expAC40209e
expAC40209f,gip,GIP_W40_V1,gip,expAC40209f
AC40209,gip,GIP_W40_V1,gip,AC40209
AC40210,gip,GIP_W40_V1,gip,AC40210
AC40211,gip,GIP_W40_V1,gip,AC40211
AC40212,gip,GIP_W40_V1,gip,AC40212
expAC40213a,gip,GIP_W40_V1,gip,expAC40213a
expAC40213b,gip,GIP_W40_V1,gip,expAC40213b
AC40213,gip,GIP_W40_V1,gip,AC40213
expAC40203,gip,GIP_W40_V1,gip,expAC40203
AC40203,gip,GIP_W40_V1,gip,AC40203
CF40040,gip,GIP_W40_V1,gip,CF40040
CF40002,gip,GIP_W40_V1,gip,CF40002
CF40003,gip,GIP_W40_V1,gip,CF40003
expCF40004,gip,GIP_W40_V1,gip,expCF40004
CF40004,gip,GIP_W40_V1,gip,CF40004
CF40012,gip,GIP_W40_V1,gip,CF40012
CF40088,gip,GIP_W40_V1,gip,CF40088
expCF40015,gip,GIP_W40_V1,gip,expCF40015
CF40015,gip,GIP_W40_V1,gip,CF40015
QE40001,gip,GIP_W40_V1,gip,QE40001
QE40002,gip,GIP_W40_V1,gip,QE40002
QE40003,gip,GIP_W40_V1,gip,QE40003
QE40004,gip,GIP_W40_V1,gip,QE40004
QE40005,gip,GIP_W40_V1,gip,QE40005
QE40006,gip,GIP_W40_V1,gip,QE40006
QE40007,gip,GIP_W40_V1,gip,QE40007
QE40008_TXT_na,gip,GIP_W40_V1,gip,QE40008_TXT_na
id_g,gip,GIP_W41_V1,gip,id_g
hhid_g,gip,GIP_W41_V1,gip,hhid_g
pid,gip,GIP_W41_V1,gip,pid
gender_18,gip,GIP_W41_V1,gip,gender_18
year_of_birth_cat_18,gip,GIP_W41_V1,gip,year_of_birth_cat_18
educ_school_18,gip,GIP_W41_V1,gip,educ_school_18
educ_job_18,gip,GIP_W41_V1,gip,educ_job_18
marital_status_18,gip,GIP_W41_V1,gip,marital_status_18
number_hh_members_18,gip,GIP_W41_V1,gip,number_hh_members_18
occupation_18,gip,GIP_W41_V1,gip,occupation_18
german_citizenship_18,gip,GIP_W41_V1,gip,german_citizenship_18
internet_usage_18,gip,GIP_W41_V1,gip,internet_usage_18
state_18,gip,GIP_W41_V1,gip,state_18
sample,gip,GIP_W41_V1,gip,sample
dDatum,gip,GIP_W41_V1,gip,dDatum
online_status_wave,gip,GIP_W41_V1,gip,online_status_wave
RM41001,gip,GIP_W41_V1,gip,RM41001
RM41002_a,gip,GIP_W41_V1,gip,RM41002_a
RM41002_b,gip,GIP_W41_V1,gip,RM41002_b
RM41002_c,gip,GIP_W41_V1,gip,RM41002_c
RM41002_d,gip,GIP_W41_V1,gip,RM41002_d
RM41002_e,gip,GIP_W41_V1,gip,RM41002_e
RM41002_f,gip,GIP_W41_V1,gip,RM41002_f
RM41002_g,gip,GIP_W41_V1,gip,RM41002_g
RM41002_h,gip,GIP_W41_V1,gip,RM41002_h
RM41003,gip,GIP_W41_V1,gip,RM41003
RM41004,gip,GIP_W41_V1,gip,RM41004
RM41005_a,gip,GIP_W41_V1,gip,RM41005_a
RM41005_b,gip,GIP_W41_V1,gip,RM41005_b
RM41005_c,gip,GIP_W41_V1,gip,RM41005_c
RM41005_d,gip,GIP_W41_V1,gip,RM41005_d
RM41005_e,gip,GIP_W41_V1,gip,RM41005_e
RM41005_f,gip,GIP_W41_V1,gip,RM41005_f
RM41005_g,gip,GIP_W41_V1,gip,RM41005_g
RM41005_h,gip,GIP_W41_V1,gip,RM41005_h
RM41005_i,gip,GIP_W41_V1,gip,RM41005_i
RM41005_j,gip,GIP_W41_V1,gip,RM41005_j
RM41006,gip,GIP_W41_V1,gip,RM41006
RM41007,gip,GIP_W41_V1,gip,RM41007
expRM41008,gip,GIP_W41_V1,gip,expRM41008
RM41008,gip,GIP_W41_V1,gip,RM41008
RM41009,gip,GIP_W41_V1,gip,RM41009
RM41010,gip,GIP_W41_V1,gip,RM41010
RM41011,gip,GIP_W41_V1,gip,RM41011
RM41012,gip,GIP_W41_V1,gip,RM41012
RM41013,gip,GIP_W41_V1,gip,RM41013
RM41014,gip,GIP_W41_V1,gip,RM41014
RM41015,gip,GIP_W41_V1,gip,RM41015
RM41016,gip,GIP_W41_V1,gip,RM41016
CF41015,gip,GIP_W41_V1,gip,CF41015
RM41018,gip,GIP_W41_V1,gip,RM41018
RM41019,gip,GIP_W41_V1,gip,RM41019
RM41020_a,gip,GIP_W41_V1,gip,RM41020_a
RM41020_b,gip,GIP_W41_V1,gip,RM41020_b
RM41020_c,gip,GIP_W41_V1,gip,RM41020_c
RM41020_d,gip,GIP_W41_V1,gip,RM41020_d
RM41020_e,gip,GIP_W41_V1,gip,RM41020_e
RM41020_f,gip,GIP_W41_V1,gip,RM41020_f
RM41020_g,gip,GIP_W41_V1,gip,RM41020_g
RM41020_h,gip,GIP_W41_V1,gip,RM41020_h
RM41020_i,gip,GIP_W41_V1,gip,RM41020_i
RM41020_j,gip,GIP_W41_V1,gip,RM41020_j
RM41021_a,gip,GIP_W41_V1,gip,RM41021_a
RM41021_b,gip,GIP_W41_V1,gip,RM41021_b
RM41021_c,gip,GIP_W41_V1,gip,RM41021_c
RM41021_d,gip,GIP_W41_V1,gip,RM41021_d
RM41021_e,gip,GIP_W41_V1,gip,RM41021_e
RM41021_f,gip,GIP_W41_V1,gip,RM41021_f
RM41021_g,gip,GIP_W41_V1,gip,RM41021_g
RM41021_h,gip,GIP_W41_V1,gip,RM41021_h
RM41021_i,gip,GIP_W41_V1,gip,RM41021_i
RM41021_j,gip,GIP_W41_V1,gip,RM41021_j
RM41022_a,gip,GIP_W41_V1,gip,RM41022_a
RM41022_b,gip,GIP_W41_V1,gip,RM41022_b
RM41022_c,gip,GIP_W41_V1,gip,RM41022_c
RM41022_d,gip,GIP_W41_V1,gip,RM41022_d
RM41022_e,gip,GIP_W41_V1,gip,RM41022_e
RM41022_f,gip,GIP_W41_V1,gip,RM41022_f
RM41022_g,gip,GIP_W41_V1,gip,RM41022_g
RM41022_h,gip,GIP_W41_V1,gip,RM41022_h
RM41022_i,gip,GIP_W41_V1,gip,RM41022_i
RM41022_j,gip,GIP_W41_V1,gip,RM41022_j
RM41022_k,gip,GIP_W41_V1,gip,RM41022_k
RM41023,gip,GIP_W41_V1,gip,RM41023
RM41024,gip,GIP_W41_V1,gip,RM41024
rndCE41014,gip,GIP_W41_V1,gip,rndCE41014
CE41014,gip,GIP_W41_V1,gip,CE41014
CE41034,gip,GIP_W41_V1,gip,CE41034
CE41015,gip,GIP_W41_V1,gip,CE41015
CE41035,gip,GIP_W41_V1,gip,CE41035
CE41019,gip,GIP_W41_V1,gip,CE41019
CE41039,gip,GIP_W41_V1,gip,CE41039
CE41023,gip,GIP_W41_V1,gip,CE41023
CE41043,gip,GIP_W41_V1,gip,CE41043
CE41025,gip,GIP_W41_V1,gip,CE41025
CE41045,gip,GIP_W41_V1,gip,CE41045
CE41027,gip,GIP_W41_V1,gip,CE41027
CE41047,gip,GIP_W41_V1,gip,CE41047
CE41028,gip,GIP_W41_V1,gip,CE41028
CE41048,gip,GIP_W41_V1,gip,CE41048
CE41030,gip,GIP_W41_V1,gip,CE41030
CE41050,gip,GIP_W41_V1,gip,CE41050
CE41032,gip,GIP_W41_V1,gip,CE41032
CE41052,gip,GIP_W41_V1,gip,CE41052
CE41033,gip,GIP_W41_V1,gip,CE41033
CE41053,gip,GIP_W41_V1,gip,CE41053
CE41021,gip,GIP_W41_V1,gip,CE41021
CE41041,gip,GIP_W41_V1,gip,CE41041
CE41016,gip,GIP_W41_V1,gip,CE41016
CE41036,gip,GIP_W41_V1,gip,CE41036
CE41020,gip,GIP_W41_V1,gip,CE41020
CE41040,gip,GIP_W41_V1,gip,CE41040
CE41029,gip,GIP_W41_V1,gip,CE41029
CE41049,gip,GIP_W41_V1,gip,CE41049
CE41024,gip,GIP_W41_V1,gip,CE41024
CE41044,gip,GIP_W41_V1,gip,CE41044
ZJ41037,gip,GIP_W41_V1,gip,ZJ41037
ZJ41038,gip,GIP_W41_V1,gip,ZJ41038
ZJ41039,gip,GIP_W41_V1,gip,ZJ41039
expZH41052,gip,GIP_W41_V1,gip,expZH41052
ZH41052,gip,GIP_W41_V1,gip,ZH41052
ZJ41040,gip,GIP_W41_V1,gip,ZJ41040
ZJ41041,gip,GIP_W41_V1,gip,ZJ41041
QE41001,gip,GIP_W41_V1,gip,QE41001
QE41002,gip,GIP_W41_V1,gip,QE41002
QE41003,gip,GIP_W41_V1,gip,QE41003
QE41004,gip,GIP_W41_V1,gip,QE41004
QE41005,gip,GIP_W41_V1,gip,QE41005
QE41006,gip,GIP_W41_V1,gip,QE41006
QE41007,gip,GIP_W41_V1,gip,QE41007
QE41008_TXT_na,gip,GIP_W41_V1,gip,QE41008_TXT_na
id_g,gip,GIP_W42_V1,gip,id_g
hhid_g,gip,GIP_W42_V1,gip,hhid_g
pid,gip,GIP_W42_V1,gip,pid
gender_18,gip,GIP_W42_V1,gip,gender_18
year_of_birth_cat_18,gip,GIP_W42_V1,gip,year_of_birth_cat_18
educ_school_18,gip,GIP_W42_V1,gip,educ_school_18
educ_job_18,gip,GIP_W42_V1,gip,educ_job_18
marital_status_18,gip,GIP_W42_V1,gip,marital_status_18
number_hh_members_18,gip,GIP_W42_V1,gip,number_hh_members_18
occupation_18,gip,GIP_W42_V1,gip,occupation_18
german_citizenship_18,gip,GIP_W42_V1,gip,german_citizenship_18
internet_usage_18,gip,GIP_W42_V1,gip,internet_usage_18
state_18,gip,GIP_W42_V1,gip,state_18
sample,gip,GIP_W42_V1,gip,sample
dDatum,gip,GIP_W42_V1,gip,dDatum
online_status_wave,gip,GIP_W42_V1,gip,online_status_wave
expAJ42043,gip,GIP_W42_V1,gip,expAJ42043
AJ42043,gip,GIP_W42_V1,gip,AJ42043
AJ42044,gip,GIP_W42_V1,gip,AJ42044
AJ42045,gip,GIP_W42_V1,gip,AJ42045
AJ42046,gip,GIP_W42_V1,gip,AJ42046
AJ42070,gip,GIP_W42_V1,gip,AJ42070
AJ42047,gip,GIP_W42_V1,gip,AJ42047
AJ42048,gip,GIP_W42_V1,gip,AJ42048
AJ42049,gip,GIP_W42_V1,gip,AJ42049
AJ42050,gip,GIP_W42_V1,gip,AJ42050
expZF42137,gip,GIP_W42_V1,gip,expZF42137
ZF42137,gip,GIP_W42_V1,gip,ZF42137
ZF42138,gip,GIP_W42_V1,gip,ZF42138
expAA42045,gip,GIP_W42_V1,gip,expAA42045
AA42045_1,gip,GIP_W42_V1,gip,AA42045_1
AA42048_1,gip,GIP_W42_V1,gip,AA42048_1
AA42050_1,gip,GIP_W42_V1,gip,AA42050_1
AA42053_1,gip,GIP_W42_V1,gip,AA42053_1
AA42045_2,gip,GIP_W42_V1,gip,AA42045_2
AA42048_2,gip,GIP_W42_V1,gip,AA42048_2
AA42050_2,gip,GIP_W42_V1,gip,AA42050_2
AA42053_2,gip,GIP_W42_V1,gip,AA42053_2
AA42045_3,gip,GIP_W42_V1,gip,AA42045_3
AA42048_3,gip,GIP_W42_V1,gip,AA42048_3
AA42050_3,gip,GIP_W42_V1,gip,AA42050_3
AA42053_3,gip,GIP_W42_V1,gip,AA42053_3
AA42045_4,gip,GIP_W42_V1,gip,AA42045_4
AA42048_4,gip,GIP_W42_V1,gip,AA42048_4
AA42050_4,gip,GIP_W42_V1,gip,AA42050_4
AA42053_4,gip,GIP_W42_V1,gip,AA42053_4
AJ42051,gip,GIP_W42_V1,gip,AJ42051
expZF42145,gip,GIP_W42_V1,gip,expZF42145
ZF42145,gip,GIP_W42_V1,gip,ZF42145
ZF42146,gip,GIP_W42_V1,gip,ZF42146
ZF42147,gip,GIP_W42_V1,gip,ZF42147
ZF42148,gip,GIP_W42_V1,gip,ZF42148
ZF42149,gip,GIP_W42_V1,gip,ZF42149
ZF42150,gip,GIP_W42_V1,gip,ZF42150
ZF42151,gip,GIP_W42_V1,gip,ZF42151
ZF42152,gip,GIP_W42_V1,gip,ZF42152
ZF42153,gip,GIP_W42_V1,gip,ZF42153
ZF42154,gip,GIP_W42_V1,gip,ZF42154
ZF42155,gip,GIP_W42_V1,gip,ZF42155
ZF42156,gip,GIP_W42_V1,gip,ZF42156
ZF42157,gip,GIP_W42_V1,gip,ZF42157
ZF42158,gip,GIP_W42_V1,gip,ZF42158
ZF42159,gip,GIP_W42_V1,gip,ZF42159
ZF42160,gip,GIP_W42_V1,gip,ZF42160
ZF42161,gip,GIP_W42_V1,gip,ZF42161
ZF42162,gip,GIP_W42_V1,gip,ZF42162
ZF42163,gip,GIP_W42_V1,gip,ZF42163
ZF42164,gip,GIP_W42_V1,gip,ZF42164
ZF42165,gip,GIP_W42_V1,gip,ZF42165
ZF42166,gip,GIP_W42_V1,gip,ZF42166
ZF42167,gip,GIP_W42_V1,gip,ZF42167
ZF42168,gip,GIP_W42_V1,gip,ZF42168
ZF42169,gip,GIP_W42_V1,gip,ZF42169
ZF42170,gip,GIP_W42_V1,gip,ZF42170
ZF42171,gip,GIP_W42_V1,gip,ZF42171
ZF42172,gip,GIP_W42_V1,gip,ZF42172
ZF42173,gip,GIP_W42_V1,gip,ZF42173
ZF42174,gip,GIP_W42_V1,gip,ZF42174
ZF42175,gip,GIP_W42_V1,gip,ZF42175
ZF42176,gip,GIP_W42_V1,gip,ZF42176
ZF42177,gip,GIP_W42_V1,gip,ZF42177
ZF42178,gip,GIP_W42_V1,gip,ZF42178
ZF42179,gip,GIP_W42_V1,gip,ZF42179
ZF42180,gip,GIP_W42_V1,gip,ZF42180
ZF42181,gip,GIP_W42_V1,gip,ZF42181
ZF42182,gip,GIP_W42_V1,gip,ZF42182
ZF42183,gip,GIP_W42_V1,gip,ZF42183
ZF42184,gip,GIP_W42_V1,gip,ZF42184
ZF42185,gip,GIP_W42_V1,gip,ZF42185
ZF42186,gip,GIP_W42_V1,gip,ZF42186
ZF42187,gip,GIP_W42_V1,gip,ZF42187
ZF42188,gip,GIP_W42_V1,gip,ZF42188
ZF42189,gip,GIP_W42_V1,gip,ZF42189
ZF42190,gip,GIP_W42_V1,gip,ZF42190
ZF42191,gip,GIP_W42_V1,gip,ZF42191
ZF42192,gip,GIP_W42_V1,gip,ZF42192
CG42106,gip,GIP_W42_V1,gip,CG42106
ZH42032,gip,GIP_W42_V1,gip,ZH42032
rndCG42001,gip,GIP_W42_V1,gip,rndCG42001
rndCG42002,gip,GIP_W42_V1,gip,rndCG42002
CG42001,gip,GIP_W42_V1,gip,CG42001
CG42003,gip,GIP_W42_V1,gip,CG42003
CG42004,gip,GIP_W42_V1,gip,CG42004
CG42005,gip,GIP_W42_V1,gip,CG42005
CG42006,gip,GIP_W42_V1,gip,CG42006
CG42007,gip,GIP_W42_V1,gip,CG42007
CG42103,gip,GIP_W42_V1,gip,CG42103
CG42104,gip,GIP_W42_V1,gip,CG42104
CG42095,gip,GIP_W42_V1,gip,CG42095
CG42096,gip,GIP_W42_V1,gip,CG42096
expCG42105,gip,GIP_W42_V1,gip,expCG42105
CG42105,gip,GIP_W42_V1,gip,CG42105
expCG42100,gip,GIP_W42_V1,gip,expCG42100
CG42100,gip,GIP_W42_V1,gip,CG42100
expAJ42052,gip,GIP_W42_V1,gip,expAJ42052
rndAJ42052,gip,GIP_W42_V1,gip,rndAJ42052
AJ42052,gip,GIP_W42_V1,gip,AJ42052
AJ42052_1,gip,GIP_W42_V1,gip,AJ42052_1
AJ42052_2,gip,GIP_W42_V1,gip,AJ42052_2
rndAJ42053,gip,GIP_W42_V1,gip,rndAJ42053
AJ42053,gip,GIP_W42_V1,gip,AJ42053
AJ42053_1,gip,GIP_W42_V1,gip,AJ42053_1
AJ42053_2,gip,GIP_W42_V1,gip,AJ42053_2
rndAJ42054,gip,GIP_W42_V1,gip,rndAJ42054
AJ42054,gip,GIP_W42_V1,gip,AJ42054
AJ42054_1,gip,GIP_W42_V1,gip,AJ42054_1
AJ42054_2,gip,GIP_W42_V1,gip,AJ42054_2
rndAJ42055,gip,GIP_W42_V1,gip,rndAJ42055
AJ42055,gip,GIP_W42_V1,gip,AJ42055
AJ42055_1,gip,GIP_W42_V1,gip,AJ42055_1
AJ42055_2,gip,GIP_W42_V1,gip,AJ42055_2
expAJ42056,gip,GIP_W42_V1,gip,expAJ42056
rndAJ42056,gip,GIP_W42_V1,gip,rndAJ42056
AJ42056,gip,GIP_W42_V1,gip,AJ42056
rndAJ42058,gip,GIP_W42_V1,gip,rndAJ42058
AJ42058,gip,GIP_W42_V1,gip,AJ42058
rndAJ42060,gip,GIP_W42_V1,gip,rndAJ42060
AJ42060_a,gip,GIP_W42_V1,gip,AJ42060_a
AJ42060_b,gip,GIP_W42_V1,gip,AJ42060_b
AJ42060_c,gip,GIP_W42_V1,gip,AJ42060_c
AJ42060_d,gip,GIP_W42_V1,gip,AJ42060_d
rndAJ42062,gip,GIP_W42_V1,gip,rndAJ42062
AJ42062,gip,GIP_W42_V1,gip,AJ42062
rndAJ42064,gip,GIP_W42_V1,gip,rndAJ42064
AJ42064,gip,GIP_W42_V1,gip,AJ42064
rndAJ42066,gip,GIP_W42_V1,gip,rndAJ42066
AJ42066_a,gip,GIP_W42_V1,gip,AJ42066_a
AJ42066_b,gip,GIP_W42_V1,gip,AJ42066_b
AJ42066_c,gip,GIP_W42_V1,gip,AJ42066_c
AJ42066_d,gip,GIP_W42_V1,gip,AJ42066_d
rndAJ42068,gip,GIP_W42_V1,gip,rndAJ42068
AJ42068_a,gip,GIP_W42_V1,gip,AJ42068_a
AJ42068_b,gip,GIP_W42_V1,gip,AJ42068_b
AJ42068_c,gip,GIP_W42_V1,gip,AJ42068_c
AJ42068_d,gip,GIP_W42_V1,gip,AJ42068_d
AJ42068_e,gip,GIP_W42_V1,gip,AJ42068_e
expZF42193,gip,GIP_W42_V1,gip,expZF42193
ZF42193,gip,GIP_W42_V1,gip,ZF42193
ZF42194,gip,GIP_W42_V1,gip,ZF42194
ZF42195,gip,GIP_W42_V1,gip,ZF42195
ZF42196,gip,GIP_W42_V1,gip,ZF42196
ZF42197,gip,GIP_W42_V1,gip,ZF42197
ZF42198,gip,GIP_W42_V1,gip,ZF42198
ZF42199,gip,GIP_W42_V1,gip,ZF42199
ZF42200,gip,GIP_W42_V1,gip,ZF42200
ZF42201,gip,GIP_W42_V1,gip,ZF42201
QE42001,gip,GIP_W42_V1,gip,QE42001
QE42002,gip,GIP_W42_V1,gip,QE42002
QE42003,gip,GIP_W42_V1,gip,QE42003
QE42004,gip,GIP_W42_V1,gip,QE42004
QE42005,gip,GIP_W42_V1,gip,QE42005
QE42006,gip,GIP_W42_V1,gip,QE42006
QE42007,gip,GIP_W42_V1,gip,QE42007
QE42008_TXT_na,gip,GIP_W42_V1,gip,QE42008_TXT_na
id_g,gip,GIP_W43_V1,gip,id_g
hhid_g,gip,GIP_W43_V1,gip,hhid_g
pid,gip,GIP_W43_V1,gip,pid
gender_19,gip,GIP_W43_V1,gip,gender_19
year_of_birth_cat_19,gip,GIP_W43_V1,gip,year_of_birth_cat_19
educ_school_19,gip,GIP_W43_V1,gip,educ_school_19
educ_job_19,gip,GIP_W43_V1,gip,educ_job_19
marital_status_19,gip,GIP_W43_V1,gip,marital_status_19
number_hh_members_19,gip,GIP_W43_V1,gip,number_hh_members_19
occupation_19,gip,GIP_W43_V1,gip,occupation_19
german_citizenship_19,gip,GIP_W43_V1,gip,german_citizenship_19
internet_usage_19,gip,GIP_W43_V1,gip,internet_usage_19
state_19,gip,GIP_W43_V1,gip,state_19
sample,gip,GIP_W43_V1,gip,sample
dDatum,gip,GIP_W43_V1,gip,dDatum
online_status_wave,gip,GIP_W43_V1,gip,online_status_wave
AA43401,gip,GIP_W43_V1,gip,AA43401
AA43402,gip,GIP_W43_V1,gip,AA43402
AA43403,gip,GIP_W43_V1,gip,AA43403
AA43404,gip,GIP_W43_V1,gip,AA43404
AA43405_NA,gip,GIP_W43_V1,gip,AA43405_NA
AA43406_NA,gip,GIP_W43_V1,gip,AA43406_NA
AA43408_NA,gip,GIP_W43_V1,gip,AA43408_NA
AA43400_TXT_NA,gip,GIP_W43_V1,gip,AA43400_TXT_NA
AA43409,gip,GIP_W43_V1,gip,AA43409
AA43410_NA,gip,GIP_W43_V1,gip,AA43410_NA
AA43210,gip,GIP_W43_V1,gip,AA43210
AA43411,gip,GIP_W43_V1,gip,AA43411
AA43412_NA,gip,GIP_W43_V1,gip,AA43412_NA
AA43211,gip,GIP_W43_V1,gip,AA43211
AA43307,gip,GIP_W43_V1,gip,AA43307
AA43004,gip,GIP_W43_V1,gip,AA43004
AA43057,gip,GIP_W43_V1,gip,AA43057
AA43413a,gip,GIP_W43_V1,gip,AA43413a
AA43414a,gip,GIP_W43_V1,gip,AA43414a
AA43415a,gip,GIP_W43_V1,gip,AA43415a
AA43413b,gip,GIP_W43_V1,gip,AA43413b
AA43414b,gip,GIP_W43_V1,gip,AA43414b
AA43415b,gip,GIP_W43_V1,gip,AA43415b
AA43413c,gip,GIP_W43_V1,gip,AA43413c
AA43414c,gip,GIP_W43_V1,gip,AA43414c
AA43415c,gip,GIP_W43_V1,gip,AA43415c
AA43413d,gip,GIP_W43_V1,gip,AA43413d
AA43414d,gip,GIP_W43_V1,gip,AA43414d
AA43415d,gip,GIP_W43_V1,gip,AA43415d
AA43430,gip,GIP_W43_V1,gip,AA43430
AA43303,gip,GIP_W43_V1,gip,AA43303
AA43305,gip,GIP_W43_V1,gip,AA43305
AA43450_a,gip,GIP_W43_V1,gip,AA43450_a
AA43450_b,gip,GIP_W43_V1,gip,AA43450_b
AA43450_c,gip,GIP_W43_V1,gip,AA43450_c
AA43450_d,gip,GIP_W43_V1,gip,AA43450_d
AA43450_e,gip,GIP_W43_V1,gip,AA43450_e
AA43450_f,gip,GIP_W43_V1,gip,AA43450_f
AA43450_g,gip,GIP_W43_V1,gip,AA43450_g
AA43450_h,gip,GIP_W43_V1,gip,AA43450_h
AA43450_i,gip,GIP_W43_V1,gip,AA43450_i
AA43450_j,gip,GIP_W43_V1,gip,AA43450_j
AA43450_k,gip,GIP_W43_V1,gip,AA43450_k
AA43450_l,gip,GIP_W43_V1,gip,AA43450_l
AA43450_m,gip,GIP_W43_V1,gip,AA43450_m
AA43450_n,gip,GIP_W43_V1,gip,AA43450_n
AA43450_o,gip,GIP_W43_V1,gip,AA43450_o
AA43450_p,gip,GIP_W43_V1,gip,AA43450_p
AA43450_q,gip,GIP_W43_V1,gip,AA43450_q
AA43451,gip,GIP_W43_V1,gip,AA43451
AA43006,gip,GIP_W43_V1,gip,AA43006
AA43452,gip,GIP_W43_V1,gip,AA43452
AA43453,gip,GIP_W43_V1,gip,AA43453
AA43454,gip,GIP_W43_V1,gip,AA43454
AA43455,gip,GIP_W43_V1,gip,AA43455
AA43456,gip,GIP_W43_V1,gip,AA43456
AA43457,gip,GIP_W43_V1,gip,AA43457
AA43458,gip,GIP_W43_V1,gip,AA43458
AA43427,gip,GIP_W43_V1,gip,AA43427
AA43428,gip,GIP_W43_V1,gip,AA43428
AA43429,gip,GIP_W43_V1,gip,AA43429
AA43309,gip,GIP_W43_V1,gip,AA43309
AA43440,gip,GIP_W43_V1,gip,AA43440
rotAA43023,gip,GIP_W43_V1,gip,rotAA43023
AA43023,gip,GIP_W43_V1,gip,AA43023
AA43024,gip,GIP_W43_V1,gip,AA43024
AA43025,gip,GIP_W43_V1,gip,AA43025
AA43026,gip,GIP_W43_V1,gip,AA43026
rotAA43027,gip,GIP_W43_V1,gip,rotAA43027
AA43027,gip,GIP_W43_V1,gip,AA43027
AA43028,gip,GIP_W43_V1,gip,AA43028
AA43029,gip,GIP_W43_V1,gip,AA43029
AA43030,gip,GIP_W43_V1,gip,AA43030
AA43031,gip,GIP_W43_V1,gip,AA43031
AA43032,gip,GIP_W43_V1,gip,AA43032
AA43033,gip,GIP_W43_V1,gip,AA43033
AA43034,gip,GIP_W43_V1,gip,AA43034
AA43035,gip,GIP_W43_V1,gip,AA43035
AA43040a,gip,GIP_W43_V1,gip,AA43040a
rndAA43041a10,gip,GIP_W43_V1,gip,rndAA43041a10
AA43041a10,gip,GIP_W43_V1,gip,AA43041a10
AA43041a3,gip,GIP_W43_V1,gip,AA43041a3
AA43041a4,gip,GIP_W43_V1,gip,AA43041a4
AA43041a5,gip,GIP_W43_V1,gip,AA43041a5
AA43041a6,gip,GIP_W43_V1,gip,AA43041a6
AA43041a9,gip,GIP_W43_V1,gip,AA43041a9
AA43042,gip,GIP_W43_V1,gip,AA43042
AA43043,gip,GIP_W43_V1,gip,AA43043
AA43054,gip,GIP_W43_V1,gip,AA43054
AA43055,gip,GIP_W43_V1,gip,AA43055
AA43465,gip,GIP_W43_V1,gip,AA43465
AA43056,gip,GIP_W43_V1,gip,AA43056
AA43038,gip,GIP_W43_V1,gip,AA43038
QE43001,gip,GIP_W43_V1,gip,QE43001
QE43002,gip,GIP_W43_V1,gip,QE43002
QE43003,gip,GIP_W43_V1,gip,QE43003
QE43004,gip,GIP_W43_V1,gip,QE43004
QE43005,gip,GIP_W43_V1,gip,QE43005
QE43006,gip,GIP_W43_V1,gip,QE43006
QE43007,gip,GIP_W43_V1,gip,QE43007
QE43008_TXT_na,gip,GIP_W43_V1,gip,QE43008_TXT_na
